id,kastid,beginperiode,eindperiode,gemeente,straat,snelheidslimiet,vrachtwagenvrijezone,snelheid,tijd,overschreden,type
1,2,12/1/2023,12/8/2023,Geel,stokt 20,50,0,68,2023-12-03 03:58:09,1,Car
2,2,12/1/2023,12/8/2023,Geel,stokt 20,50,0,66,2023-12-04 21:57:21,1,Bycicle
3,1,12/1/2023,12/8/2023,Mol,Stationstraat 6,30,1,69,2023-12-06 12:32:57,1,Bycicle
4,1,12/1/2023,12/8/2023,Mol,Stationstraat 6,30,1,55,2023-12-04 06:08:30,1,Bus
5,1,12/1/2023,12/8/2023,Mol,Stationstraat 6,30,1,71,2023-12-07 09:21:02,1,Bycicle
6,3,12/1/2023,12/8/2023,Meerhout,steenstraat 135,70,0,55,2023-12-01 21:10:18,0,Bus
7,1,12/1/2023,12/8/2023,Mol,Stationstraat 6,30,1,50,2023-12-05 04:43:55,1,Bus
8,2,12/1/2023,12/8/2023,Geel,stokt 20,50,0,55,2023-12-06 15:30:08,1,Car
9,1,12/1/2023,12/8/2023,Mol,Stationstraat 6,30,1,48,2023-12-01 17:12:15,1,Bycicle
10,3,12/1/2023,12/8/2023,Meerhout,steenstraat 135,70,0,61,2023-12-04 02:22:53,0,Bycicle
11,2,12/1/2023,12/8/2023,Geel,stokt 20,50,0,38,2023-12-02 07:50:46,0,Bycicle
12,3,12/1/2023,12/8/2023,Meerhout,steenstraat 135,70,0,70,2023-12-05 14:40:30,0,Bus
13,1,12/1/2023,12/8/2023,Mol,Stationstraat 6,30,1,78,2023-12-07 07:37:19,1,Bus
14,2,12/1/2023,12/8/2023,Geel,stokt 20,50,0,64,2023-12-04 00:53:28,1,Bycicle
15,1,12/1/2023,12/8/2023,Mol,Stationstraat 6,30,1,59,2023-12-01 21:56:29,1,Car
16,3,12/1/2023,12/8/2023,Meerhout,steenstraat 135,70,0,25,2023-12-04 17:29:48,0,Car
17,1,12/1/2023,12/8/2023,Mol,Stationstraat 6,30,1,68,2023-12-02 00:26:20,1,Bus
18,1,12/1/2023,12/8/2023,Mol,Stationstraat 6,30,1,79,2023-12-04 23:56:07,1,Bus
19,1,12/1/2023,12/8/2023,Mol,Stationstraat 6,30,1,46,2023-12-07 12:57:19,1,Car
20,3,12/1/2023,12/8/2023,Meerhout,steenstraat 135,70,0,69,2023-12-06 03:14:48,0,Bus
21,2,12/1/2023,12/8/2023,Geel,stokt 20,50,0,47,2023-12-03 08:23:14,0,Truck
22,2,12/1/2023,12/8/2023,Geel,stokt 20,50,0,63,2023-12-04 17:14:20,1,Car
23,3,12/1/2023,12/8/2023,Meerhout,steenstraat 135,70,0,72,2023-12-03 23:33:15,1,Bus
24,3,12/1/2023,12/8/2023,Meerhout,steenstraat 135,70,0,30,2023-12-03 20:12:39,0,Bycicle
25,1,12/1/2023,12/8/2023,Mol,Stationstraat 6,30,1,39,2023-12-06 02:15:21,1,Truck
26,3,12/1/2023,12/8/2023,Meerhout,steenstraat 135,70,0,30,2023-12-05 10:37:39,0,Truck
27,3,12/1/2023,12/8/2023,Meerhout,steenstraat 135,70,0,66,2023-12-02 02:41:25,0,Truck
28,3,12/1/2023,12/8/2023,Meerhout,steenstraat 135,70,0,31,2023-12-01 08:03:04,0,Car
29,3,12/1/2023,12/8/2023,Meerhout,steenstraat 135,70,0,63,2023-12-06 22:33:26,0,Motorcycle
30,2,12/1/2023,12/8/2023,Geel,stokt 20,50,0,69,2023-12-05 18:34:14,1,Motorcycle
31,3,12/1/2023,12/8/2023,Meerhout,steenstraat 135,70,0,61,2023-12-02 03:42:11,0,Car
32,3,12/1/2023,12/8/2023,Meerhout,steenstraat 135,70,0,45,2023-12-01 10:41:15,0,Motorcycle
33,2,12/1/2023,12/8/2023,Geel,stokt 20,50,0,34,2023-12-01 14:13:06,0,Bus
34,3,12/1/2023,12/8/2023,Meerhout,steenstraat 135,70,0,34,2023-12-05 01:46:33,0,Bycicle
35,1,12/1/2023,12/8/2023,Mol,Stationstraat 6,30,1,25,2023-12-03 15:32:41,0,Bycicle
36,2,12/1/2023,12/8/2023,Geel,stokt 20,50,0,73,2023-12-06 21:49:08,1,Motorcycle
37,3,12/1/2023,12/8/2023,Meerhout,steenstraat 135,70,0,27,2023-12-01 08:07:15,0,Car
38,1,12/1/2023,12/8/2023,Mol,Stationstraat 6,30,1,64,2023-12-06 12:09:45,1,Car
39,2,12/1/2023,12/8/2023,Geel,stokt 20,50,0,61,2023-12-01 11:52:25,1,Bus
40,3,12/1/2023,12/8/2023,Meerhout,steenstraat 135,70,0,39,2023-12-04 05:31:17,0,Truck
41,2,12/1/2023,12/8/2023,Geel,stokt 20,50,0,26,2023-12-05 06:09:59,0,Car
42,1,12/1/2023,12/8/2023,Mol,Stationstraat 6,30,1,33,2023-12-07 20:10:35,1,Bycicle
43,1,12/1/2023,12/8/2023,Mol,Stationstraat 6,30,1,69,2023-12-04 19:47:36,1,Bycicle
44,3,12/1/2023,12/8/2023,Meerhout,steenstraat 135,70,0,65,2023-12-05 02:42:23,0,Car
45,3,12/1/2023,12/8/2023,Meerhout,steenstraat 135,70,0,80,2023-12-07 14:37:11,1,Car
46,1,12/1/2023,12/8/2023,Mol,Stationstraat 6,30,1,55,2023-12-06 03:07:00,1,Bycicle
47,2,12/1/2023,12/8/2023,Geel,stokt 20,50,0,78,2023-12-04 22:43:45,1,Bycicle
48,2,12/1/2023,12/8/2023,Geel,stokt 20,50,0,44,2023-12-06 13:26:19,0,Car
49,2,12/1/2023,12/8/2023,Geel,stokt 20,50,0,78,2023-12-07 09:34:55,1,Truck
50,2,12/1/2023,12/8/2023,Geel,stokt 20,50,0,44,2023-12-04 13:10:18,0,Bycicle
51,2,12/1/2023,12/8/2023,Geel,stokt 20,50,0,69,2023-12-03 08:04:48,1,Motorcycle
52,2,12/1/2023,12/8/2023,Geel,stokt 20,50,0,56,2023-12-05 01:20:42,1,Car
53,1,12/1/2023,12/8/2023,Mol,Stationstraat 6,30,1,47,2023-12-06 20:45:07,1,Truck
54,3,12/1/2023,12/8/2023,Meerhout,steenstraat 135,70,0,60,2023-12-02 08:10:00,0,Car
55,2,12/1/2023,12/8/2023,Geel,stokt 20,50,0,45,2023-12-01 01:00:32,0,Truck
56,3,12/1/2023,12/8/2023,Meerhout,steenstraat 135,70,0,74,2023-12-06 11:26:36,1,Truck
57,3,12/1/2023,12/8/2023,Meerhout,steenstraat 135,70,0,33,2023-12-07 20:42:23,0,Truck
58,3,12/1/2023,12/8/2023,Meerhout,steenstraat 135,70,0,31,2023-12-04 07:35:46,0,Motorcycle
59,2,12/1/2023,12/8/2023,Geel,stokt 20,50,0,28,2023-12-03 05:10:38,0,Bycicle
60,3,12/1/2023,12/8/2023,Meerhout,steenstraat 135,70,0,31,2023-12-03 16:15:00,0,Motorcycle
61,3,12/1/2023,12/8/2023,Meerhout,steenstraat 135,70,0,74,2023-12-05 22:06:56,1,Bus
62,3,12/1/2023,12/8/2023,Meerhout,steenstraat 135,70,0,39,2023-12-03 18:17:47,0,Motorcycle
63,2,12/1/2023,12/8/2023,Geel,stokt 20,50,0,39,2023-12-02 14:17:53,0,Bus
64,2,12/1/2023,12/8/2023,Geel,stokt 20,50,0,63,2023-12-05 12:15:36,1,Truck
65,3,12/1/2023,12/8/2023,Meerhout,steenstraat 135,70,0,50,2023-12-04 06:59:02,0,Bycicle
66,3,12/1/2023,12/8/2023,Meerhout,steenstraat 135,70,0,27,2023-12-03 18:28:52,0,Truck
67,3,12/1/2023,12/8/2023,Meerhout,steenstraat 135,70,0,46,2023-12-02 16:59:35,0,Car
68,1,12/1/2023,12/8/2023,Mol,Stationstraat 6,30,1,76,2023-12-01 03:33:08,1,Motorcycle
69,2,12/1/2023,12/8/2023,Geel,stokt 20,50,0,32,2023-12-06 11:50:40,0,Car
70,1,12/1/2023,12/8/2023,Mol,Stationstraat 6,30,1,26,2023-12-01 07:35:49,0,Bus
71,1,12/1/2023,12/8/2023,Mol,Stationstraat 6,30,1,73,2023-12-06 11:47:27,1,Truck
72,2,12/1/2023,12/8/2023,Geel,stokt 20,50,0,63,2023-12-06 09:04:27,1,Car
73,1,12/1/2023,12/8/2023,Mol,Stationstraat 6,30,1,49,2023-12-02 23:41:01,1,Car
74,3,12/1/2023,12/8/2023,Meerhout,steenstraat 135,70,0,69,2023-12-04 23:53:43,0,Bycicle
75,2,12/1/2023,12/8/2023,Geel,stokt 20,50,0,72,2023-12-07 14:20:48,1,Bycicle
76,2,12/1/2023,12/8/2023,Geel,stokt 20,50,0,64,2023-12-04 19:02:08,1,Car
77,1,12/1/2023,12/8/2023,Mol,Stationstraat 6,30,1,37,2023-12-01 06:49:51,1,Truck
78,1,12/1/2023,12/8/2023,Mol,Stationstraat 6,30,1,34,2023-12-01 09:04:22,1,Motorcycle
79,2,12/1/2023,12/8/2023,Geel,stokt 20,50,0,62,2023-12-04 14:37:22,1,Bus
80,1,12/1/2023,12/8/2023,Mol,Stationstraat 6,30,1,35,2023-12-05 14:18:14,1,Motorcycle
81,3,12/1/2023,12/8/2023,Meerhout,steenstraat 135,70,0,52,2023-12-02 10:44:18,0,Truck
82,3,12/1/2023,12/8/2023,Meerhout,steenstraat 135,70,0,42,2023-12-05 20:39:43,0,Motorcycle
83,3,12/1/2023,12/8/2023,Meerhout,steenstraat 135,70,0,34,2023-12-02 17:37:42,0,Bus
84,3,12/1/2023,12/8/2023,Meerhout,steenstraat 135,70,0,80,2023-12-06 11:06:12,1,Bus
85,1,12/1/2023,12/8/2023,Mol,Stationstraat 6,30,1,47,2023-12-05 00:01:48,1,Car
86,1,12/1/2023,12/8/2023,Mol,Stationstraat 6,30,1,49,2023-12-01 17:20:45,1,Car
87,3,12/1/2023,12/8/2023,Meerhout,steenstraat 135,70,0,76,2023-12-07 14:33:27,1,Motorcycle
88,2,12/1/2023,12/8/2023,Geel,stokt 20,50,0,47,2023-12-03 12:15:29,0,Truck
89,2,12/1/2023,12/8/2023,Geel,stokt 20,50,0,64,2023-12-06 17:04:18,1,Motorcycle
90,3,12/1/2023,12/8/2023,Meerhout,steenstraat 135,70,0,76,2023-12-03 14:26:53,1,Bycicle
91,2,12/1/2023,12/8/2023,Geel,stokt 20,50,0,73,2023-12-04 05:37:17,1,Bus
92,1,12/1/2023,12/8/2023,Mol,Stationstraat 6,30,1,28,2023-12-01 19:06:38,0,Bycicle
93,2,12/1/2023,12/8/2023,Geel,stokt 20,50,0,37,2023-12-04 20:49:56,0,Motorcycle
94,1,12/1/2023,12/8/2023,Mol,Stationstraat 6,30,1,45,2023-12-06 05:11:21,1,Bus
95,3,12/1/2023,12/8/2023,Meerhout,steenstraat 135,70,0,31,2023-12-07 10:36:47,0,Motorcycle
96,1,12/1/2023,12/8/2023,Mol,Stationstraat 6,30,1,76,2023-12-05 08:44:29,1,Bycicle
97,1,12/1/2023,12/8/2023,Mol,Stationstraat 6,30,1,79,2023-12-01 11:03:59,1,Car
98,3,12/1/2023,12/8/2023,Meerhout,steenstraat 135,70,0,76,2023-12-05 10:18:23,1,Motorcycle
99,2,12/1/2023,12/8/2023,Geel,stokt 20,50,0,75,2023-12-02 14:04:16,1,Truck
100,3,12/1/2023,12/8/2023,Meerhout,steenstraat 135,70,0,79,2023-12-07 19:39:53,1,Car
101,3,12/1/2023,12/8/2023,Meerhout,steenstraat 135,70,0,78,2023-12-02 12:30:30,1,Car
102,1,12/1/2023,12/8/2023,Mol,Stationstraat 6,30,1,65,2023-12-02 07:59:21,1,Car
103,2,12/1/2023,12/8/2023,Geel,stokt 20,50,0,59,2023-12-05 14:28:10,1,Truck
104,2,12/1/2023,12/8/2023,Geel,stokt 20,50,0,63,2023-12-06 20:41:07,1,Truck
105,2,12/1/2023,12/8/2023,Geel,stokt 20,50,0,39,2023-12-03 09:25:11,0,Car
106,2,12/1/2023,12/8/2023,Geel,stokt 20,50,0,74,2023-12-06 05:43:04,1,Truck
107,1,12/1/2023,12/8/2023,Mol,Stationstraat 6,30,1,56,2023-12-04 02:02:17,1,Bycicle
108,1,12/1/2023,12/8/2023,Mol,Stationstraat 6,30,1,72,2023-12-02 14:29:48,1,Bycicle
109,1,12/1/2023,12/8/2023,Mol,Stationstraat 6,30,1,49,2023-12-03 19:30:15,1,Bus
110,2,12/1/2023,12/8/2023,Geel,stokt 20,50,0,64,2023-12-01 13:49:03,1,Truck
111,2,12/1/2023,12/8/2023,Geel,stokt 20,50,0,61,2023-12-04 23:11:09,1,Car
112,2,12/1/2023,12/8/2023,Geel,stokt 20,50,0,69,2023-12-02 01:28:42,1,Car
113,2,12/1/2023,12/8/2023,Geel,stokt 20,50,0,45,2023-12-01 11:37:46,0,Car
114,3,12/1/2023,12/8/2023,Meerhout,steenstraat 135,70,0,78,2023-12-02 01:56:44,1,Car
115,3,12/1/2023,12/8/2023,Meerhout,steenstraat 135,70,0,48,2023-12-03 08:28:41,0,Car
116,3,12/1/2023,12/8/2023,Meerhout,steenstraat 135,70,0,43,2023-12-04 07:10:16,0,Bycicle
117,3,12/1/2023,12/8/2023,Meerhout,steenstraat 135,70,0,74,2023-12-01 14:01:47,1,Bycicle
118,1,12/1/2023,12/8/2023,Mol,Stationstraat 6,30,1,27,2023-12-05 14:29:11,0,Bus
119,3,12/1/2023,12/8/2023,Meerhout,steenstraat 135,70,0,41,2023-12-01 15:23:44,0,Bycicle
120,1,12/1/2023,12/8/2023,Mol,Stationstraat 6,30,1,64,2023-12-01 19:20:47,1,Bus
121,1,12/1/2023,12/8/2023,Mol,Stationstraat 6,30,1,50,2023-12-05 17:19:14,1,Truck
122,2,12/1/2023,12/8/2023,Geel,stokt 20,50,0,28,2023-12-06 14:48:21,0,Car
123,2,12/1/2023,12/8/2023,Geel,stokt 20,50,0,32,2023-12-01 18:39:07,0,Bus
124,3,12/1/2023,12/8/2023,Meerhout,steenstraat 135,70,0,34,2023-12-07 08:44:30,0,Motorcycle
125,1,12/1/2023,12/8/2023,Mol,Stationstraat 6,30,1,73,2023-12-02 18:27:36,1,Truck
126,3,12/1/2023,12/8/2023,Meerhout,steenstraat 135,70,0,62,2023-12-04 10:07:59,0,Motorcycle
127,2,12/1/2023,12/8/2023,Geel,stokt 20,50,0,56,2023-12-01 19:55:53,1,Bycicle
128,1,12/1/2023,12/8/2023,Mol,Stationstraat 6,30,1,33,2023-12-07 06:01:13,1,Bycicle
129,2,12/1/2023,12/8/2023,Geel,stokt 20,50,0,60,2023-12-02 12:32:40,1,Motorcycle
130,2,12/1/2023,12/8/2023,Geel,stokt 20,50,0,74,2023-12-01 22:09:32,1,Truck
131,2,12/1/2023,12/8/2023,Geel,stokt 20,50,0,27,2023-12-05 19:13:54,0,Bycicle
132,1,12/1/2023,12/8/2023,Mol,Stationstraat 6,30,1,65,2023-12-06 02:22:27,1,Bycicle
133,2,12/1/2023,12/8/2023,Geel,stokt 20,50,0,54,2023-12-04 16:37:59,1,Bycicle
134,1,12/1/2023,12/8/2023,Mol,Stationstraat 6,30,1,75,2023-12-06 13:14:30,1,Bycicle
135,2,12/1/2023,12/8/2023,Geel,stokt 20,50,0,37,2023-12-05 03:44:35,0,Bus
136,3,12/1/2023,12/8/2023,Meerhout,steenstraat 135,70,0,63,2023-12-03 17:22:47,0,Bycicle
137,2,12/1/2023,12/8/2023,Geel,stokt 20,50,0,56,2023-12-04 15:50:06,1,Motorcycle
138,1,12/1/2023,12/8/2023,Mol,Stationstraat 6,30,1,34,2023-12-02 17:31:00,1,Truck
139,2,12/1/2023,12/8/2023,Geel,stokt 20,50,0,50,2023-12-05 12:44:17,0,Truck
140,1,12/1/2023,12/8/2023,Mol,Stationstraat 6,30,1,59,2023-12-05 22:23:43,1,Motorcycle
141,1,12/1/2023,12/8/2023,Mol,Stationstraat 6,30,1,25,2023-12-07 09:25:17,0,Truck
142,3,12/1/2023,12/8/2023,Meerhout,steenstraat 135,70,0,64,2023-12-02 11:05:29,0,Bus
143,3,12/1/2023,12/8/2023,Meerhout,steenstraat 135,70,0,32,2023-12-06 05:04:51,0,Truck
144,2,12/1/2023,12/8/2023,Geel,stokt 20,50,0,42,2023-12-07 08:58:40,0,Bycicle
145,1,12/1/2023,12/8/2023,Mol,Stationstraat 6,30,1,31,2023-12-05 19:22:44,1,Truck
146,1,12/1/2023,12/8/2023,Mol,Stationstraat 6,30,1,74,2023-12-05 09:40:02,1,Bycicle
147,1,12/1/2023,12/8/2023,Mol,Stationstraat 6,30,1,68,2023-12-06 03:28:50,1,Motorcycle
148,1,12/1/2023,12/8/2023,Mol,Stationstraat 6,30,1,49,2023-12-07 05:28:35,1,Bycicle
149,3,12/1/2023,12/8/2023,Meerhout,steenstraat 135,70,0,79,2023-12-01 17:52:41,1,Bycicle
150,2,12/1/2023,12/8/2023,Geel,stokt 20,50,0,61,2023-12-04 08:39:31,1,Bycicle
151,3,12/1/2023,12/8/2023,Meerhout,steenstraat 135,70,0,80,2023-12-02 00:33:20,1,Motorcycle
152,3,12/1/2023,12/8/2023,Meerhout,steenstraat 135,70,0,72,2023-12-03 19:56:31,1,Truck
153,2,12/1/2023,12/8/2023,Geel,stokt 20,50,0,71,2023-12-03 08:07:27,1,Truck
154,1,12/1/2023,12/8/2023,Mol,Stationstraat 6,30,1,70,2023-12-04 22:45:43,1,Car
155,3,12/1/2023,12/8/2023,Meerhout,steenstraat 135,70,0,78,2023-12-05 08:47:36,1,Car
156,2,12/1/2023,12/8/2023,Geel,stokt 20,50,0,32,2023-12-01 20:28:30,0,Car
157,2,12/1/2023,12/8/2023,Geel,stokt 20,50,0,76,2023-12-03 13:38:27,1,Motorcycle
158,3,12/1/2023,12/8/2023,Meerhout,steenstraat 135,70,0,55,2023-12-02 11:17:22,0,Bus
159,2,12/1/2023,12/8/2023,Geel,stokt 20,50,0,39,2023-12-06 02:52:54,0,Car
160,3,12/1/2023,12/8/2023,Meerhout,steenstraat 135,70,0,59,2023-12-06 23:44:28,0,Bycicle
161,3,12/1/2023,12/8/2023,Meerhout,steenstraat 135,70,0,46,2023-12-06 00:51:06,0,Motorcycle
162,1,12/1/2023,12/8/2023,Mol,Stationstraat 6,30,1,48,2023-12-04 04:10:04,1,Motorcycle
163,1,12/1/2023,12/8/2023,Mol,Stationstraat 6,30,1,26,2023-12-03 09:09:44,0,Bus
164,1,12/1/2023,12/8/2023,Mol,Stationstraat 6,30,1,73,2023-12-04 23:11:21,1,Truck
165,1,12/1/2023,12/8/2023,Mol,Stationstraat 6,30,1,50,2023-12-05 10:19:24,1,Bus
166,3,12/1/2023,12/8/2023,Meerhout,steenstraat 135,70,0,45,2023-12-05 21:00:19,0,Car
167,1,12/1/2023,12/8/2023,Mol,Stationstraat 6,30,1,38,2023-12-05 23:58:13,1,Motorcycle
168,2,12/1/2023,12/8/2023,Geel,stokt 20,50,0,50,2023-12-04 01:40:24,0,Motorcycle
169,1,12/1/2023,12/8/2023,Mol,Stationstraat 6,30,1,62,2023-12-07 07:29:47,1,Bycicle
170,3,12/1/2023,12/8/2023,Meerhout,steenstraat 135,70,0,63,2023-12-01 05:34:55,0,Bus
171,1,12/1/2023,12/8/2023,Mol,Stationstraat 6,30,1,39,2023-12-06 02:23:18,1,Bus
172,2,12/1/2023,12/8/2023,Geel,stokt 20,50,0,66,2023-12-01 01:23:10,1,Bycicle
173,3,12/1/2023,12/8/2023,Meerhout,steenstraat 135,70,0,37,2023-12-01 10:22:52,0,Bycicle
174,2,12/1/2023,12/8/2023,Geel,stokt 20,50,0,50,2023-12-02 14:22:02,0,Bus
175,3,12/1/2023,12/8/2023,Meerhout,steenstraat 135,70,0,27,2023-12-03 12:56:45,0,Motorcycle
176,2,12/1/2023,12/8/2023,Geel,stokt 20,50,0,70,2023-12-07 21:55:22,1,Car
177,1,12/1/2023,12/8/2023,Mol,Stationstraat 6,30,1,37,2023-12-04 13:17:43,1,Bycicle
178,1,12/1/2023,12/8/2023,Mol,Stationstraat 6,30,1,71,2023-12-02 14:12:15,1,Bycicle
179,2,12/1/2023,12/8/2023,Geel,stokt 20,50,0,62,2023-12-07 05:21:21,1,Bycicle
180,2,12/1/2023,12/8/2023,Geel,stokt 20,50,0,48,2023-12-06 01:15:41,0,Bus
181,2,12/1/2023,12/8/2023,Geel,stokt 20,50,0,43,2023-12-07 23:57:56,0,Motorcycle
182,3,12/1/2023,12/8/2023,Meerhout,steenstraat 135,70,0,69,2023-12-07 20:50:54,0,Bus
183,1,12/1/2023,12/8/2023,Mol,Stationstraat 6,30,1,60,2023-12-02 13:45:55,1,Truck
184,1,12/1/2023,12/8/2023,Mol,Stationstraat 6,30,1,59,2023-12-05 03:26:11,1,Car
185,3,12/1/2023,12/8/2023,Meerhout,steenstraat 135,70,0,48,2023-12-01 10:37:38,0,Bus
186,1,12/1/2023,12/8/2023,Mol,Stationstraat 6,30,1,28,2023-12-04 07:39:02,0,Motorcycle
187,3,12/1/2023,12/8/2023,Meerhout,steenstraat 135,70,0,47,2023-12-06 05:33:41,0,Bycicle
188,2,12/1/2023,12/8/2023,Geel,stokt 20,50,0,57,2023-12-05 22:43:17,1,Truck
189,2,12/1/2023,12/8/2023,Geel,stokt 20,50,0,40,2023-12-01 17:51:49,0,Bycicle
190,1,12/1/2023,12/8/2023,Mol,Stationstraat 6,30,1,45,2023-12-03 08:47:51,1,Motorcycle
191,3,12/1/2023,12/8/2023,Meerhout,steenstraat 135,70,0,60,2023-12-06 08:01:31,0,Motorcycle
192,2,12/1/2023,12/8/2023,Geel,stokt 20,50,0,30,2023-12-06 18:04:05,0,Truck
193,3,12/1/2023,12/8/2023,Meerhout,steenstraat 135,70,0,47,2023-12-07 03:57:05,0,Motorcycle
194,3,12/1/2023,12/8/2023,Meerhout,steenstraat 135,70,0,25,2023-12-03 00:23:19,0,Motorcycle
195,1,12/1/2023,12/8/2023,Mol,Stationstraat 6,30,1,31,2023-12-06 00:04:39,1,Truck
196,2,12/1/2023,12/8/2023,Geel,stokt 20,50,0,59,2023-12-07 02:12:33,1,Bus
197,2,12/1/2023,12/8/2023,Geel,stokt 20,50,0,37,2023-12-07 08:41:26,0,Motorcycle
198,3,12/1/2023,12/8/2023,Meerhout,steenstraat 135,70,0,45,2023-12-03 04:53:13,0,Truck
199,1,12/1/2023,12/8/2023,Mol,Stationstraat 6,30,1,28,2023-12-06 13:24:12,0,Bycicle
200,2,12/1/2023,12/8/2023,Geel,stokt 20,50,0,30,2023-12-07 14:36:59,0,Car
201,1,12/1/2023,12/8/2023,Mol,Stationstraat 6,30,1,44,2023-12-03 18:01:29,1,Motorcycle
202,1,12/1/2023,12/8/2023,Mol,Stationstraat 6,30,1,58,2023-12-03 18:47:19,1,Bus
203,1,12/1/2023,12/8/2023,Mol,Stationstraat 6,30,1,56,2023-12-06 23:27:06,1,Car
204,3,12/1/2023,12/8/2023,Meerhout,steenstraat 135,70,0,73,2023-12-02 01:29:58,1,Bus
205,3,12/1/2023,12/8/2023,Meerhout,steenstraat 135,70,0,77,2023-12-03 22:56:51,1,Truck
206,1,12/1/2023,12/8/2023,Mol,Stationstraat 6,30,1,49,2023-12-05 03:44:01,1,Car
207,2,12/1/2023,12/8/2023,Geel,stokt 20,50,0,57,2023-12-06 09:08:54,1,Bus
208,1,12/1/2023,12/8/2023,Mol,Stationstraat 6,30,1,72,2023-12-02 22:41:36,1,Bus
209,2,12/1/2023,12/8/2023,Geel,stokt 20,50,0,37,2023-12-01 22:55:36,0,Motorcycle
210,3,12/1/2023,12/8/2023,Meerhout,steenstraat 135,70,0,26,2023-12-06 23:24:11,0,Car
211,1,12/1/2023,12/8/2023,Mol,Stationstraat 6,30,1,44,2023-12-07 17:53:18,1,Bycicle
212,1,12/1/2023,12/8/2023,Mol,Stationstraat 6,30,1,61,2023-12-02 05:33:03,1,Motorcycle
213,2,12/1/2023,12/8/2023,Geel,stokt 20,50,0,68,2023-12-07 07:52:41,1,Bus
214,2,12/1/2023,12/8/2023,Geel,stokt 20,50,0,68,2023-12-02 11:00:16,1,Motorcycle
215,1,12/1/2023,12/8/2023,Mol,Stationstraat 6,30,1,68,2023-12-07 11:19:44,1,Truck
216,2,12/1/2023,12/8/2023,Geel,stokt 20,50,0,75,2023-12-04 02:56:00,1,Bycicle
217,2,12/1/2023,12/8/2023,Geel,stokt 20,50,0,60,2023-12-05 22:16:39,1,Truck
218,3,12/1/2023,12/8/2023,Meerhout,steenstraat 135,70,0,48,2023-12-03 05:19:17,0,Truck
219,1,12/1/2023,12/8/2023,Mol,Stationstraat 6,30,1,35,2023-12-03 04:36:25,1,Motorcycle
220,2,12/1/2023,12/8/2023,Geel,stokt 20,50,0,28,2023-12-01 13:50:21,0,Truck
221,3,12/1/2023,12/8/2023,Meerhout,steenstraat 135,70,0,33,2023-12-07 05:05:03,0,Car
222,1,12/1/2023,12/8/2023,Mol,Stationstraat 6,30,1,68,2023-12-03 08:51:23,1,Motorcycle
223,1,12/1/2023,12/8/2023,Mol,Stationstraat 6,30,1,68,2023-12-01 17:04:52,1,Truck
224,2,12/1/2023,12/8/2023,Geel,stokt 20,50,0,57,2023-12-05 15:18:12,1,Motorcycle
225,1,12/1/2023,12/8/2023,Mol,Stationstraat 6,30,1,39,2023-12-04 23:17:02,1,Bus
226,3,12/1/2023,12/8/2023,Meerhout,steenstraat 135,70,0,46,2023-12-05 12:11:11,0,Car
227,3,12/1/2023,12/8/2023,Meerhout,steenstraat 135,70,0,49,2023-12-04 04:35:02,0,Car
228,3,12/1/2023,12/8/2023,Meerhout,steenstraat 135,70,0,43,2023-12-07 04:00:10,0,Truck
229,2,12/1/2023,12/8/2023,Geel,stokt 20,50,0,57,2023-12-03 13:20:47,1,Motorcycle
230,3,12/1/2023,12/8/2023,Meerhout,steenstraat 135,70,0,41,2023-12-04 15:33:58,0,Truck
231,1,12/1/2023,12/8/2023,Mol,Stationstraat 6,30,1,53,2023-12-06 22:56:04,1,Bycicle
232,2,12/1/2023,12/8/2023,Geel,stokt 20,50,0,63,2023-12-04 00:28:14,1,Motorcycle
233,1,12/1/2023,12/8/2023,Mol,Stationstraat 6,30,1,49,2023-12-04 22:59:45,1,Bus
234,1,12/1/2023,12/8/2023,Mol,Stationstraat 6,30,1,42,2023-12-06 17:39:13,1,Bus
235,1,12/1/2023,12/8/2023,Mol,Stationstraat 6,30,1,27,2023-12-06 10:18:41,0,Bus
236,3,12/1/2023,12/8/2023,Meerhout,steenstraat 135,70,0,39,2023-12-04 12:58:50,0,Truck
237,2,12/1/2023,12/8/2023,Geel,stokt 20,50,0,66,2023-12-02 20:59:04,1,Truck
238,2,12/1/2023,12/8/2023,Geel,stokt 20,50,0,51,2023-12-01 22:12:50,1,Bycicle
239,2,12/1/2023,12/8/2023,Geel,stokt 20,50,0,25,2023-12-02 11:22:53,0,Bycicle
240,1,12/1/2023,12/8/2023,Mol,Stationstraat 6,30,1,37,2023-12-01 22:48:17,1,Car
241,3,12/1/2023,12/8/2023,Meerhout,steenstraat 135,70,0,77,2023-12-04 15:54:11,1,Bus
242,3,12/1/2023,12/8/2023,Meerhout,steenstraat 135,70,0,56,2023-12-02 12:32:14,0,Bus
243,3,12/1/2023,12/8/2023,Meerhout,steenstraat 135,70,0,49,2023-12-05 14:16:12,0,Truck
244,2,12/1/2023,12/8/2023,Geel,stokt 20,50,0,53,2023-12-03 22:44:24,1,Bycicle
245,3,12/1/2023,12/8/2023,Meerhout,steenstraat 135,70,0,76,2023-12-06 15:48:01,1,Car
246,3,12/1/2023,12/8/2023,Meerhout,steenstraat 135,70,0,34,2023-12-02 21:01:07,0,Truck
247,2,12/1/2023,12/8/2023,Geel,stokt 20,50,0,67,2023-12-04 15:51:58,1,Car
248,3,12/1/2023,12/8/2023,Meerhout,steenstraat 135,70,0,28,2023-12-04 04:24:22,0,Bycicle
249,2,12/1/2023,12/8/2023,Geel,stokt 20,50,0,40,2023-12-07 16:20:42,0,Motorcycle
250,2,12/1/2023,12/8/2023,Geel,stokt 20,50,0,60,2023-12-01 02:43:55,1,Motorcycle
251,2,12/1/2023,12/8/2023,Geel,stokt 20,50,0,53,2023-12-04 00:51:24,1,Bycicle
252,3,12/1/2023,12/8/2023,Meerhout,steenstraat 135,70,0,43,2023-12-07 03:12:40,0,Car
253,3,12/1/2023,12/8/2023,Meerhout,steenstraat 135,70,0,75,2023-12-07 21:12:51,1,Car
254,2,12/1/2023,12/8/2023,Geel,stokt 20,50,0,76,2023-12-03 01:28:53,1,Motorcycle
255,2,12/1/2023,12/8/2023,Geel,stokt 20,50,0,41,2023-12-03 00:49:03,0,Motorcycle
256,2,12/1/2023,12/8/2023,Geel,stokt 20,50,0,48,2023-12-03 14:01:43,0,Car
257,2,12/1/2023,12/8/2023,Geel,stokt 20,50,0,34,2023-12-06 16:19:55,0,Bycicle
258,3,12/1/2023,12/8/2023,Meerhout,steenstraat 135,70,0,28,2023-12-02 16:51:32,0,Car
259,3,12/1/2023,12/8/2023,Meerhout,steenstraat 135,70,0,27,2023-12-02 16:20:21,0,Bycicle
260,1,12/1/2023,12/8/2023,Mol,Stationstraat 6,30,1,37,2023-12-06 07:55:01,1,Bus
261,1,12/1/2023,12/8/2023,Mol,Stationstraat 6,30,1,67,2023-12-01 19:33:32,1,Truck
262,2,12/1/2023,12/8/2023,Geel,stokt 20,50,0,67,2023-12-01 00:58:53,1,Truck
263,3,12/1/2023,12/8/2023,Meerhout,steenstraat 135,70,0,67,2023-12-06 10:45:51,0,Car
264,1,12/1/2023,12/8/2023,Mol,Stationstraat 6,30,1,75,2023-12-04 18:39:34,1,Car
265,2,12/1/2023,12/8/2023,Geel,stokt 20,50,0,30,2023-12-04 09:42:33,0,Car
266,2,12/1/2023,12/8/2023,Geel,stokt 20,50,0,56,2023-12-06 00:49:04,1,Truck
267,1,12/1/2023,12/8/2023,Mol,Stationstraat 6,30,1,74,2023-12-07 17:10:58,1,Bus
268,3,12/1/2023,12/8/2023,Meerhout,steenstraat 135,70,0,58,2023-12-04 16:21:49,0,Car
269,1,12/1/2023,12/8/2023,Mol,Stationstraat 6,30,1,25,2023-12-01 01:42:33,0,Bus
270,2,12/1/2023,12/8/2023,Geel,stokt 20,50,0,55,2023-12-02 09:04:27,1,Car
271,1,12/1/2023,12/8/2023,Mol,Stationstraat 6,30,1,72,2023-12-04 11:45:36,1,Bycicle
272,3,12/1/2023,12/8/2023,Meerhout,steenstraat 135,70,0,66,2023-12-06 03:41:31,0,Motorcycle
273,1,12/1/2023,12/8/2023,Mol,Stationstraat 6,30,1,60,2023-12-03 19:00:38,1,Car
274,1,12/1/2023,12/8/2023,Mol,Stationstraat 6,30,1,45,2023-12-06 03:36:48,1,Bycicle
275,2,12/1/2023,12/8/2023,Geel,stokt 20,50,0,36,2023-12-01 16:41:14,0,Motorcycle
276,1,12/1/2023,12/8/2023,Mol,Stationstraat 6,30,1,74,2023-12-01 10:26:25,1,Bycicle
277,1,12/1/2023,12/8/2023,Mol,Stationstraat 6,30,1,29,2023-12-06 02:13:36,0,Car
278,2,12/1/2023,12/8/2023,Geel,stokt 20,50,0,46,2023-12-07 06:23:39,0,Bycicle
279,2,12/1/2023,12/8/2023,Geel,stokt 20,50,0,26,2023-12-02 17:12:24,0,Car
280,2,12/1/2023,12/8/2023,Geel,stokt 20,50,0,28,2023-12-01 08:33:33,0,Car
281,2,12/1/2023,12/8/2023,Geel,stokt 20,50,0,47,2023-12-06 19:26:42,0,Motorcycle
282,3,12/1/2023,12/8/2023,Meerhout,steenstraat 135,70,0,73,2023-12-06 17:18:53,1,Truck
283,1,12/1/2023,12/8/2023,Mol,Stationstraat 6,30,1,52,2023-12-01 09:10:22,1,Bycicle
284,3,12/1/2023,12/8/2023,Meerhout,steenstraat 135,70,0,65,2023-12-05 11:40:23,0,Bycicle
285,2,12/1/2023,12/8/2023,Geel,stokt 20,50,0,58,2023-12-01 10:05:35,1,Truck
286,2,12/1/2023,12/8/2023,Geel,stokt 20,50,0,63,2023-12-06 19:10:30,1,Car
287,2,12/1/2023,12/8/2023,Geel,stokt 20,50,0,55,2023-12-05 00:00:29,1,Motorcycle
288,2,12/1/2023,12/8/2023,Geel,stokt 20,50,0,74,2023-12-02 10:55:45,1,Bycicle
289,3,12/1/2023,12/8/2023,Meerhout,steenstraat 135,70,0,44,2023-12-03 19:42:52,0,Bycicle
290,2,12/1/2023,12/8/2023,Geel,stokt 20,50,0,55,2023-12-03 10:26:54,1,Bus
291,1,12/1/2023,12/8/2023,Mol,Stationstraat 6,30,1,31,2023-12-04 04:08:53,1,Motorcycle
292,1,12/1/2023,12/8/2023,Mol,Stationstraat 6,30,1,78,2023-12-03 22:21:28,1,Motorcycle
293,1,12/1/2023,12/8/2023,Mol,Stationstraat 6,30,1,76,2023-12-02 02:10:15,1,Bus
294,3,12/1/2023,12/8/2023,Meerhout,steenstraat 135,70,0,71,2023-12-04 23:16:17,1,Car
295,3,12/1/2023,12/8/2023,Meerhout,steenstraat 135,70,0,31,2023-12-03 07:30:36,0,Motorcycle
296,2,12/1/2023,12/8/2023,Geel,stokt 20,50,0,79,2023-12-04 03:15:34,1,Bycicle
297,3,12/1/2023,12/8/2023,Meerhout,steenstraat 135,70,0,40,2023-12-05 04:03:17,0,Bycicle
298,3,12/1/2023,12/8/2023,Meerhout,steenstraat 135,70,0,26,2023-12-01 21:44:01,0,Car
299,2,12/1/2023,12/8/2023,Geel,stokt 20,50,0,65,2023-12-01 14:43:10,1,Bycicle
300,3,12/1/2023,12/8/2023,Meerhout,steenstraat 135,70,0,34,2023-12-05 19:47:06,0,Truck
301,2,12/1/2023,12/8/2023,Geel,stokt 20,50,0,48,2023-12-01 08:00:09,0,Truck
302,2,12/1/2023,12/8/2023,Geel,stokt 20,50,0,57,2023-12-05 10:12:55,1,Bycicle
303,1,12/1/2023,12/8/2023,Mol,Stationstraat 6,30,1,29,2023-12-03 09:34:00,0,Truck
304,1,12/1/2023,12/8/2023,Mol,Stationstraat 6,30,1,71,2023-12-04 20:28:42,1,Car
305,2,12/1/2023,12/8/2023,Geel,stokt 20,50,0,37,2023-12-01 04:42:26,0,Bus
306,2,12/1/2023,12/8/2023,Geel,stokt 20,50,0,66,2023-12-05 01:06:51,1,Motorcycle
307,3,12/1/2023,12/8/2023,Meerhout,steenstraat 135,70,0,38,2023-12-01 14:03:23,0,Bycicle
308,1,12/1/2023,12/8/2023,Mol,Stationstraat 6,30,1,51,2023-12-05 20:26:58,1,Bus
309,2,12/1/2023,12/8/2023,Geel,stokt 20,50,0,56,2023-12-04 17:11:51,1,Bus
310,1,12/1/2023,12/8/2023,Mol,Stationstraat 6,30,1,76,2023-12-02 05:07:49,1,Bus
311,2,12/1/2023,12/8/2023,Geel,stokt 20,50,0,29,2023-12-06 11:18:21,0,Bus
312,2,12/1/2023,12/8/2023,Geel,stokt 20,50,0,57,2023-12-02 04:04:42,1,Truck
313,3,12/1/2023,12/8/2023,Meerhout,steenstraat 135,70,0,57,2023-12-02 16:03:12,0,Bycicle
314,2,12/1/2023,12/8/2023,Geel,stokt 20,50,0,66,2023-12-04 11:54:12,1,Bycicle
315,3,12/1/2023,12/8/2023,Meerhout,steenstraat 135,70,0,40,2023-12-02 09:26:13,0,Bus
316,1,12/1/2023,12/8/2023,Mol,Stationstraat 6,30,1,73,2023-12-02 15:11:38,1,Bycicle
317,1,12/1/2023,12/8/2023,Mol,Stationstraat 6,30,1,48,2023-12-01 09:47:47,1,Car
318,2,12/1/2023,12/8/2023,Geel,stokt 20,50,0,49,2023-12-05 04:21:26,0,Bycicle
319,2,12/1/2023,12/8/2023,Geel,stokt 20,50,0,75,2023-12-01 02:23:52,1,Truck
320,3,12/1/2023,12/8/2023,Meerhout,steenstraat 135,70,0,49,2023-12-04 06:11:41,0,Bycicle
321,1,12/1/2023,12/8/2023,Mol,Stationstraat 6,30,1,51,2023-12-04 03:48:18,1,Truck
322,3,12/1/2023,12/8/2023,Meerhout,steenstraat 135,70,0,50,2023-12-06 19:08:51,0,Bus
323,3,12/1/2023,12/8/2023,Meerhout,steenstraat 135,70,0,72,2023-12-02 21:36:23,1,Bycicle
324,3,12/1/2023,12/8/2023,Meerhout,steenstraat 135,70,0,62,2023-12-04 20:31:03,0,Truck
325,1,12/1/2023,12/8/2023,Mol,Stationstraat 6,30,1,49,2023-12-03 11:43:41,1,Motorcycle
326,2,12/1/2023,12/8/2023,Geel,stokt 20,50,0,54,2023-12-02 18:52:33,1,Motorcycle
327,1,12/1/2023,12/8/2023,Mol,Stationstraat 6,30,1,35,2023-12-06 20:24:26,1,Motorcycle
328,2,12/1/2023,12/8/2023,Geel,stokt 20,50,0,52,2023-12-01 22:56:53,1,Car
329,2,12/1/2023,12/8/2023,Geel,stokt 20,50,0,50,2023-12-03 23:17:29,0,Truck
330,1,12/1/2023,12/8/2023,Mol,Stationstraat 6,30,1,72,2023-12-05 08:28:59,1,Car
331,2,12/1/2023,12/8/2023,Geel,stokt 20,50,0,57,2023-12-04 09:18:48,1,Bus
332,3,12/1/2023,12/8/2023,Meerhout,steenstraat 135,70,0,68,2023-12-01 13:21:17,0,Motorcycle
333,2,12/1/2023,12/8/2023,Geel,stokt 20,50,0,30,2023-12-06 09:35:01,0,Motorcycle
334,2,12/1/2023,12/8/2023,Geel,stokt 20,50,0,30,2023-12-05 13:29:12,0,Truck
335,2,12/1/2023,12/8/2023,Geel,stokt 20,50,0,43,2023-12-05 23:30:51,0,Truck
336,3,12/1/2023,12/8/2023,Meerhout,steenstraat 135,70,0,31,2023-12-07 13:19:16,0,Motorcycle
337,2,12/1/2023,12/8/2023,Geel,stokt 20,50,0,78,2023-12-01 00:34:21,1,Car
338,3,12/1/2023,12/8/2023,Meerhout,steenstraat 135,70,0,78,2023-12-03 19:06:45,1,Car
339,3,12/1/2023,12/8/2023,Meerhout,steenstraat 135,70,0,59,2023-12-02 06:02:01,0,Motorcycle
340,1,12/1/2023,12/8/2023,Mol,Stationstraat 6,30,1,49,2023-12-02 04:15:40,1,Car
341,1,12/1/2023,12/8/2023,Mol,Stationstraat 6,30,1,25,2023-12-06 16:41:14,0,Bus
342,2,12/1/2023,12/8/2023,Geel,stokt 20,50,0,38,2023-12-02 16:57:47,0,Bus
343,3,12/1/2023,12/8/2023,Meerhout,steenstraat 135,70,0,50,2023-12-03 23:31:03,0,Bus
344,2,12/1/2023,12/8/2023,Geel,stokt 20,50,0,48,2023-12-05 15:43:14,0,Bus
345,2,12/1/2023,12/8/2023,Geel,stokt 20,50,0,56,2023-12-04 06:50:22,1,Bycicle
346,1,12/1/2023,12/8/2023,Mol,Stationstraat 6,30,1,55,2023-12-03 10:01:59,1,Bycicle
347,1,12/1/2023,12/8/2023,Mol,Stationstraat 6,30,1,29,2023-12-02 17:08:32,0,Bycicle
348,1,12/1/2023,12/8/2023,Mol,Stationstraat 6,30,1,33,2023-12-05 12:49:07,1,Car
349,3,12/1/2023,12/8/2023,Meerhout,steenstraat 135,70,0,30,2023-12-06 11:06:36,0,Bus
350,2,12/1/2023,12/8/2023,Geel,stokt 20,50,0,66,2023-12-07 16:06:17,1,Bus
351,3,12/1/2023,12/8/2023,Meerhout,steenstraat 135,70,0,27,2023-12-02 04:19:36,0,Motorcycle
352,2,12/1/2023,12/8/2023,Geel,stokt 20,50,0,76,2023-12-03 00:46:21,1,Bycicle
353,2,12/1/2023,12/8/2023,Geel,stokt 20,50,0,76,2023-12-07 17:52:58,1,Car
354,2,12/1/2023,12/8/2023,Geel,stokt 20,50,0,61,2023-12-02 08:03:37,1,Truck
355,2,12/1/2023,12/8/2023,Geel,stokt 20,50,0,49,2023-12-05 10:15:31,0,Motorcycle
356,2,12/1/2023,12/8/2023,Geel,stokt 20,50,0,55,2023-12-04 00:48:24,1,Bus
357,2,12/1/2023,12/8/2023,Geel,stokt 20,50,0,26,2023-12-03 17:12:32,0,Truck
358,1,12/1/2023,12/8/2023,Mol,Stationstraat 6,30,1,41,2023-12-03 03:51:21,1,Truck
359,3,12/1/2023,12/8/2023,Meerhout,steenstraat 135,70,0,56,2023-12-03 13:07:30,0,Bycicle
360,3,12/1/2023,12/8/2023,Meerhout,steenstraat 135,70,0,52,2023-12-02 19:48:39,0,Bus
361,2,12/1/2023,12/8/2023,Geel,stokt 20,50,0,26,2023-12-04 13:33:50,0,Bycicle
362,3,12/1/2023,12/8/2023,Meerhout,steenstraat 135,70,0,42,2023-12-01 18:12:30,0,Bycicle
363,3,12/1/2023,12/8/2023,Meerhout,steenstraat 135,70,0,73,2023-12-04 05:32:09,1,Car
364,1,12/1/2023,12/8/2023,Mol,Stationstraat 6,30,1,55,2023-12-05 04:34:12,1,Car
365,1,12/1/2023,12/8/2023,Mol,Stationstraat 6,30,1,41,2023-12-06 12:32:11,1,Bycicle
366,1,12/1/2023,12/8/2023,Mol,Stationstraat 6,30,1,56,2023-12-07 22:23:12,1,Bycicle
367,2,12/1/2023,12/8/2023,Geel,stokt 20,50,0,53,2023-12-06 14:56:24,1,Motorcycle
368,2,12/1/2023,12/8/2023,Geel,stokt 20,50,0,76,2023-12-02 08:54:30,1,Truck
369,1,12/1/2023,12/8/2023,Mol,Stationstraat 6,30,1,70,2023-12-04 05:50:10,1,Bus
370,2,12/1/2023,12/8/2023,Geel,stokt 20,50,0,70,2023-12-02 12:19:50,1,Motorcycle
371,3,12/1/2023,12/8/2023,Meerhout,steenstraat 135,70,0,32,2023-12-01 17:57:37,0,Motorcycle
372,3,12/1/2023,12/8/2023,Meerhout,steenstraat 135,70,0,52,2023-12-02 21:23:43,0,Truck
373,1,12/1/2023,12/8/2023,Mol,Stationstraat 6,30,1,32,2023-12-02 08:50:05,1,Bycicle
374,2,12/1/2023,12/8/2023,Geel,stokt 20,50,0,30,2023-12-01 01:06:28,0,Truck
375,1,12/1/2023,12/8/2023,Mol,Stationstraat 6,30,1,75,2023-12-01 18:16:21,1,Truck
376,2,12/1/2023,12/8/2023,Geel,stokt 20,50,0,47,2023-12-04 06:03:18,0,Bycicle
377,2,12/1/2023,12/8/2023,Geel,stokt 20,50,0,30,2023-12-07 04:59:00,0,Car
378,2,12/1/2023,12/8/2023,Geel,stokt 20,50,0,47,2023-12-04 10:54:54,0,Bycicle
379,3,12/1/2023,12/8/2023,Meerhout,steenstraat 135,70,0,57,2023-12-01 04:48:46,0,Bycicle
380,2,12/1/2023,12/8/2023,Geel,stokt 20,50,0,26,2023-12-03 17:53:18,0,Motorcycle
381,3,12/1/2023,12/8/2023,Meerhout,steenstraat 135,70,0,53,2023-12-07 17:14:40,0,Bycicle
382,3,12/1/2023,12/8/2023,Meerhout,steenstraat 135,70,0,38,2023-12-06 09:21:02,0,Bycicle
383,3,12/1/2023,12/8/2023,Meerhout,steenstraat 135,70,0,25,2023-12-06 00:25:01,0,Truck
384,2,12/1/2023,12/8/2023,Geel,stokt 20,50,0,29,2023-12-02 13:07:22,0,Bus
385,1,12/1/2023,12/8/2023,Mol,Stationstraat 6,30,1,25,2023-12-01 20:26:11,0,Bycicle
386,1,12/1/2023,12/8/2023,Mol,Stationstraat 6,30,1,76,2023-12-05 18:11:31,1,Truck
387,2,12/1/2023,12/8/2023,Geel,stokt 20,50,0,63,2023-12-02 14:42:34,1,Truck
388,1,12/1/2023,12/8/2023,Mol,Stationstraat 6,30,1,44,2023-12-05 08:46:44,1,Motorcycle
389,1,12/1/2023,12/8/2023,Mol,Stationstraat 6,30,1,52,2023-12-01 21:34:29,1,Bycicle
390,3,12/1/2023,12/8/2023,Meerhout,steenstraat 135,70,0,59,2023-12-02 00:12:55,0,Bycicle
391,2,12/1/2023,12/8/2023,Geel,stokt 20,50,0,51,2023-12-05 21:23:09,1,Motorcycle
392,1,12/1/2023,12/8/2023,Mol,Stationstraat 6,30,1,46,2023-12-01 16:48:44,1,Bycicle
393,3,12/1/2023,12/8/2023,Meerhout,steenstraat 135,70,0,69,2023-12-01 23:58:48,0,Truck
394,2,12/1/2023,12/8/2023,Geel,stokt 20,50,0,56,2023-12-03 11:03:46,1,Bus
395,2,12/1/2023,12/8/2023,Geel,stokt 20,50,0,69,2023-12-05 12:43:12,1,Car
396,1,12/1/2023,12/8/2023,Mol,Stationstraat 6,30,1,73,2023-12-02 13:47:45,1,Car
397,3,12/1/2023,12/8/2023,Meerhout,steenstraat 135,70,0,34,2023-12-04 23:05:49,0,Motorcycle
398,1,12/1/2023,12/8/2023,Mol,Stationstraat 6,30,1,43,2023-12-03 09:12:31,1,Bycicle
399,3,12/1/2023,12/8/2023,Meerhout,steenstraat 135,70,0,41,2023-12-05 17:36:32,0,Truck
400,2,12/1/2023,12/8/2023,Geel,stokt 20,50,0,52,2023-12-01 17:07:07,1,Motorcycle
401,3,12/1/2023,12/8/2023,Meerhout,steenstraat 135,70,0,32,2023-12-04 07:40:32,0,Truck
402,2,12/1/2023,12/8/2023,Geel,stokt 20,50,0,51,2023-12-07 20:51:41,1,Bus
403,2,12/1/2023,12/8/2023,Geel,stokt 20,50,0,54,2023-12-02 23:26:59,1,Car
404,2,12/1/2023,12/8/2023,Geel,stokt 20,50,0,56,2023-12-02 12:45:25,1,Car
405,3,12/1/2023,12/8/2023,Meerhout,steenstraat 135,70,0,58,2023-12-04 23:43:26,0,Bycicle
406,1,12/1/2023,12/8/2023,Mol,Stationstraat 6,30,1,37,2023-12-07 04:51:51,1,Car
407,1,12/1/2023,12/8/2023,Mol,Stationstraat 6,30,1,67,2023-12-03 08:07:48,1,Truck
408,3,12/1/2023,12/8/2023,Meerhout,steenstraat 135,70,0,32,2023-12-01 22:52:34,0,Motorcycle
409,2,12/1/2023,12/8/2023,Geel,stokt 20,50,0,40,2023-12-07 02:38:06,0,Bus
410,2,12/1/2023,12/8/2023,Geel,stokt 20,50,0,60,2023-12-03 03:37:52,1,Car
411,2,12/1/2023,12/8/2023,Geel,stokt 20,50,0,35,2023-12-06 17:17:33,0,Bus
412,2,12/1/2023,12/8/2023,Geel,stokt 20,50,0,27,2023-12-04 10:19:30,0,Bus
413,3,12/1/2023,12/8/2023,Meerhout,steenstraat 135,70,0,52,2023-12-03 14:21:45,0,Truck
414,1,12/1/2023,12/8/2023,Mol,Stationstraat 6,30,1,77,2023-12-03 22:44:24,1,Bus
415,3,12/1/2023,12/8/2023,Meerhout,steenstraat 135,70,0,61,2023-12-06 02:17:29,0,Bus
416,2,12/1/2023,12/8/2023,Geel,stokt 20,50,0,29,2023-12-04 09:32:18,0,Bycicle
417,1,12/1/2023,12/8/2023,Mol,Stationstraat 6,30,1,52,2023-12-07 13:36:04,1,Truck
418,2,12/1/2023,12/8/2023,Geel,stokt 20,50,0,80,2023-12-01 07:19:00,1,Bycicle
419,3,12/1/2023,12/8/2023,Meerhout,steenstraat 135,70,0,55,2023-12-01 05:47:40,0,Bycicle
420,3,12/1/2023,12/8/2023,Meerhout,steenstraat 135,70,0,69,2023-12-04 22:21:44,0,Bus
421,1,12/1/2023,12/8/2023,Mol,Stationstraat 6,30,1,39,2023-12-04 10:50:55,1,Motorcycle
422,2,12/1/2023,12/8/2023,Geel,stokt 20,50,0,56,2023-12-07 12:44:56,1,Truck
423,1,12/1/2023,12/8/2023,Mol,Stationstraat 6,30,1,66,2023-12-02 01:24:14,1,Car
424,1,12/1/2023,12/8/2023,Mol,Stationstraat 6,30,1,80,2023-12-06 15:29:54,1,Truck
425,3,12/1/2023,12/8/2023,Meerhout,steenstraat 135,70,0,25,2023-12-04 11:03:30,0,Bycicle
426,1,12/1/2023,12/8/2023,Mol,Stationstraat 6,30,1,47,2023-12-01 20:02:49,1,Truck
427,3,12/1/2023,12/8/2023,Meerhout,steenstraat 135,70,0,69,2023-12-02 01:11:57,0,Car
428,3,12/1/2023,12/8/2023,Meerhout,steenstraat 135,70,0,55,2023-12-04 14:20:50,0,Bycicle
429,3,12/1/2023,12/8/2023,Meerhout,steenstraat 135,70,0,61,2023-12-01 18:16:51,0,Truck
430,2,12/1/2023,12/8/2023,Geel,stokt 20,50,0,59,2023-12-05 18:11:10,1,Truck
431,2,12/1/2023,12/8/2023,Geel,stokt 20,50,0,36,2023-12-02 16:08:02,0,Bycicle
432,3,12/1/2023,12/8/2023,Meerhout,steenstraat 135,70,0,55,2023-12-05 19:17:43,0,Bus
433,2,12/1/2023,12/8/2023,Geel,stokt 20,50,0,41,2023-12-04 15:59:55,0,Bus
434,3,12/1/2023,12/8/2023,Meerhout,steenstraat 135,70,0,31,2023-12-04 02:46:41,0,Motorcycle
435,2,12/1/2023,12/8/2023,Geel,stokt 20,50,0,65,2023-12-05 01:44:00,1,Bycicle
436,1,12/1/2023,12/8/2023,Mol,Stationstraat 6,30,1,31,2023-12-01 22:55:17,1,Motorcycle
437,1,12/1/2023,12/8/2023,Mol,Stationstraat 6,30,1,66,2023-12-04 15:03:30,1,Bycicle
438,3,12/1/2023,12/8/2023,Meerhout,steenstraat 135,70,0,31,2023-12-06 22:50:40,0,Motorcycle
439,3,12/1/2023,12/8/2023,Meerhout,steenstraat 135,70,0,46,2023-12-07 16:01:33,0,Bus
440,3,12/1/2023,12/8/2023,Meerhout,steenstraat 135,70,0,50,2023-12-03 00:07:04,0,Motorcycle
441,3,12/1/2023,12/8/2023,Meerhout,steenstraat 135,70,0,70,2023-12-04 18:48:48,0,Truck
442,2,12/1/2023,12/8/2023,Geel,stokt 20,50,0,39,2023-12-07 02:17:36,0,Truck
443,1,12/1/2023,12/8/2023,Mol,Stationstraat 6,30,1,45,2023-12-01 02:05:09,1,Truck
444,2,12/1/2023,12/8/2023,Geel,stokt 20,50,0,75,2023-12-04 18:53:30,1,Bycicle
445,1,12/1/2023,12/8/2023,Mol,Stationstraat 6,30,1,55,2023-12-07 10:00:40,1,Motorcycle
446,1,12/1/2023,12/8/2023,Mol,Stationstraat 6,30,1,34,2023-12-03 19:28:09,1,Bycicle
447,1,12/1/2023,12/8/2023,Mol,Stationstraat 6,30,1,29,2023-12-06 08:38:56,0,Car
448,1,12/1/2023,12/8/2023,Mol,Stationstraat 6,30,1,34,2023-12-01 17:15:11,1,Bycicle
449,2,12/1/2023,12/8/2023,Geel,stokt 20,50,0,36,2023-12-03 04:17:54,0,Motorcycle
450,1,12/1/2023,12/8/2023,Mol,Stationstraat 6,30,1,79,2023-12-07 11:27:28,1,Car
451,1,12/1/2023,12/8/2023,Mol,Stationstraat 6,30,1,56,2023-12-05 22:57:57,1,Car
452,2,12/1/2023,12/8/2023,Geel,stokt 20,50,0,49,2023-12-01 08:59:11,0,Bycicle
453,2,12/1/2023,12/8/2023,Geel,stokt 20,50,0,34,2023-12-05 12:09:15,0,Motorcycle
454,2,12/1/2023,12/8/2023,Geel,stokt 20,50,0,34,2023-12-02 07:13:12,0,Car
455,1,12/1/2023,12/8/2023,Mol,Stationstraat 6,30,1,57,2023-12-01 14:59:15,1,Bycicle
456,2,12/1/2023,12/8/2023,Geel,stokt 20,50,0,51,2023-12-04 07:26:04,1,Motorcycle
457,2,12/1/2023,12/8/2023,Geel,stokt 20,50,0,33,2023-12-03 23:11:03,0,Bycicle
458,3,12/1/2023,12/8/2023,Meerhout,steenstraat 135,70,0,36,2023-12-01 07:04:56,0,Motorcycle
459,1,12/1/2023,12/8/2023,Mol,Stationstraat 6,30,1,38,2023-12-05 05:38:53,1,Bus
460,2,12/1/2023,12/8/2023,Geel,stokt 20,50,0,59,2023-12-05 04:06:01,1,Truck
461,1,12/1/2023,12/8/2023,Mol,Stationstraat 6,30,1,54,2023-12-06 01:23:57,1,Car
462,1,12/1/2023,12/8/2023,Mol,Stationstraat 6,30,1,43,2023-12-03 10:37:38,1,Car
463,2,12/1/2023,12/8/2023,Geel,stokt 20,50,0,80,2023-12-06 12:11:01,1,Motorcycle
464,1,12/1/2023,12/8/2023,Mol,Stationstraat 6,30,1,62,2023-12-07 17:30:38,1,Motorcycle
465,3,12/1/2023,12/8/2023,Meerhout,steenstraat 135,70,0,71,2023-12-03 18:21:33,1,Car
466,3,12/1/2023,12/8/2023,Meerhout,steenstraat 135,70,0,50,2023-12-02 06:22:29,0,Bycicle
467,3,12/1/2023,12/8/2023,Meerhout,steenstraat 135,70,0,55,2023-12-07 04:38:26,0,Bus
468,1,12/1/2023,12/8/2023,Mol,Stationstraat 6,30,1,69,2023-12-02 04:26:40,1,Motorcycle
469,1,12/1/2023,12/8/2023,Mol,Stationstraat 6,30,1,26,2023-12-06 11:30:34,0,Bycicle
470,3,12/1/2023,12/8/2023,Meerhout,steenstraat 135,70,0,49,2023-12-06 23:07:33,0,Bycicle
471,2,12/1/2023,12/8/2023,Geel,stokt 20,50,0,66,2023-12-06 11:40:48,1,Bycicle
472,3,12/1/2023,12/8/2023,Meerhout,steenstraat 135,70,0,67,2023-12-05 09:55:56,0,Car
473,1,12/1/2023,12/8/2023,Mol,Stationstraat 6,30,1,62,2023-12-03 22:49:11,1,Car
474,1,12/1/2023,12/8/2023,Mol,Stationstraat 6,30,1,31,2023-12-05 16:04:26,1,Truck
475,2,12/1/2023,12/8/2023,Geel,stokt 20,50,0,36,2023-12-07 20:25:09,0,Bycicle
476,3,12/1/2023,12/8/2023,Meerhout,steenstraat 135,70,0,60,2023-12-02 11:51:01,0,Car
477,1,12/1/2023,12/8/2023,Mol,Stationstraat 6,30,1,73,2023-12-06 16:46:27,1,Car
478,1,12/1/2023,12/8/2023,Mol,Stationstraat 6,30,1,51,2023-12-07 01:42:21,1,Car
479,3,12/1/2023,12/8/2023,Meerhout,steenstraat 135,70,0,37,2023-12-01 11:39:36,0,Motorcycle
480,3,12/1/2023,12/8/2023,Meerhout,steenstraat 135,70,0,33,2023-12-02 17:01:41,0,Bus
481,3,12/1/2023,12/8/2023,Meerhout,steenstraat 135,70,0,73,2023-12-03 06:58:09,1,Bycicle
482,1,12/1/2023,12/8/2023,Mol,Stationstraat 6,30,1,65,2023-12-05 12:58:16,1,Car
483,2,12/1/2023,12/8/2023,Geel,stokt 20,50,0,30,2023-12-07 18:52:00,0,Bycicle
484,2,12/1/2023,12/8/2023,Geel,stokt 20,50,0,31,2023-12-01 07:49:48,0,Bycicle
485,1,12/1/2023,12/8/2023,Mol,Stationstraat 6,30,1,25,2023-12-01 08:34:39,0,Bycicle
486,1,12/1/2023,12/8/2023,Mol,Stationstraat 6,30,1,79,2023-12-07 05:06:44,1,Truck
487,3,12/1/2023,12/8/2023,Meerhout,steenstraat 135,70,0,64,2023-12-05 19:57:57,0,Bycicle
488,3,12/1/2023,12/8/2023,Meerhout,steenstraat 135,70,0,26,2023-12-01 19:08:24,0,Car
489,2,12/1/2023,12/8/2023,Geel,stokt 20,50,0,44,2023-12-01 09:02:21,0,Motorcycle
490,1,12/1/2023,12/8/2023,Mol,Stationstraat 6,30,1,66,2023-12-05 02:33:35,1,Truck
491,1,12/1/2023,12/8/2023,Mol,Stationstraat 6,30,1,26,2023-12-07 20:36:57,0,Bus
492,2,12/1/2023,12/8/2023,Geel,stokt 20,50,0,76,2023-12-07 14:40:51,1,Truck
493,2,12/1/2023,12/8/2023,Geel,stokt 20,50,0,46,2023-12-04 16:48:18,0,Motorcycle
494,3,12/1/2023,12/8/2023,Meerhout,steenstraat 135,70,0,49,2023-12-04 03:13:33,0,Truck
495,1,12/1/2023,12/8/2023,Mol,Stationstraat 6,30,1,55,2023-12-05 06:25:09,1,Bus
496,3,12/1/2023,12/8/2023,Meerhout,steenstraat 135,70,0,63,2023-12-03 03:54:26,0,Car
497,1,12/1/2023,12/8/2023,Mol,Stationstraat 6,30,1,79,2023-12-02 07:44:36,1,Bycicle
498,1,12/1/2023,12/8/2023,Mol,Stationstraat 6,30,1,41,2023-12-02 02:24:34,1,Bycicle
499,3,12/1/2023,12/8/2023,Meerhout,steenstraat 135,70,0,27,2023-12-06 02:38:18,0,Motorcycle
500,2,12/1/2023,12/8/2023,Geel,stokt 20,50,0,65,2023-12-06 00:02:09,1,Truck
501,3,12/1/2023,12/8/2023,Meerhout,steenstraat 135,70,0,61,2023-12-04 03:35:30,0,Bycicle
502,3,12/1/2023,12/8/2023,Meerhout,steenstraat 135,70,0,45,2023-12-03 07:10:58,0,Bycicle
503,1,12/1/2023,12/8/2023,Mol,Stationstraat 6,30,1,73,2023-12-02 09:03:19,1,Bycicle
504,3,12/1/2023,12/8/2023,Meerhout,steenstraat 135,70,0,43,2023-12-05 19:16:18,0,Truck
505,3,12/1/2023,12/8/2023,Meerhout,steenstraat 135,70,0,69,2023-12-01 14:55:16,0,Bus
506,1,12/1/2023,12/8/2023,Mol,Stationstraat 6,30,1,29,2023-12-05 18:25:58,0,Car
507,3,12/1/2023,12/8/2023,Meerhout,steenstraat 135,70,0,26,2023-12-01 22:35:14,0,Car
508,2,12/1/2023,12/8/2023,Geel,stokt 20,50,0,27,2023-12-03 07:23:01,0,Car
509,1,12/1/2023,12/8/2023,Mol,Stationstraat 6,30,1,59,2023-12-03 17:06:13,1,Bycicle
510,3,12/1/2023,12/8/2023,Meerhout,steenstraat 135,70,0,63,2023-12-06 19:51:35,0,Car
511,2,12/1/2023,12/8/2023,Geel,stokt 20,50,0,57,2023-12-06 15:58:32,1,Truck
512,1,12/1/2023,12/8/2023,Mol,Stationstraat 6,30,1,58,2023-12-02 05:02:30,1,Car
513,1,12/1/2023,12/8/2023,Mol,Stationstraat 6,30,1,54,2023-12-04 17:39:19,1,Bycicle
514,3,12/1/2023,12/8/2023,Meerhout,steenstraat 135,70,0,58,2023-12-04 07:11:33,0,Truck
515,1,12/1/2023,12/8/2023,Mol,Stationstraat 6,30,1,55,2023-12-01 14:51:46,1,Motorcycle
516,2,12/1/2023,12/8/2023,Geel,stokt 20,50,0,29,2023-12-02 09:37:15,0,Bus
517,2,12/1/2023,12/8/2023,Geel,stokt 20,50,0,43,2023-12-07 18:48:50,0,Truck
518,2,12/1/2023,12/8/2023,Geel,stokt 20,50,0,33,2023-12-07 16:42:00,0,Car
519,2,12/1/2023,12/8/2023,Geel,stokt 20,50,0,52,2023-12-06 16:05:00,1,Truck
520,1,12/1/2023,12/8/2023,Mol,Stationstraat 6,30,1,59,2023-12-02 00:31:05,1,Motorcycle
521,3,12/1/2023,12/8/2023,Meerhout,steenstraat 135,70,0,25,2023-12-05 16:42:08,0,Bus
522,1,12/1/2023,12/8/2023,Mol,Stationstraat 6,30,1,65,2023-12-01 11:43:27,1,Bus
523,3,12/1/2023,12/8/2023,Meerhout,steenstraat 135,70,0,55,2023-12-04 05:32:47,0,Motorcycle
524,3,12/1/2023,12/8/2023,Meerhout,steenstraat 135,70,0,41,2023-12-03 19:29:11,0,Motorcycle
525,2,12/1/2023,12/8/2023,Geel,stokt 20,50,0,39,2023-12-02 12:36:31,0,Motorcycle
526,2,12/1/2023,12/8/2023,Geel,stokt 20,50,0,30,2023-12-01 22:01:54,0,Bus
527,1,12/1/2023,12/8/2023,Mol,Stationstraat 6,30,1,49,2023-12-02 23:15:58,1,Car
528,3,12/1/2023,12/8/2023,Meerhout,steenstraat 135,70,0,64,2023-12-07 19:03:14,0,Truck
529,2,12/1/2023,12/8/2023,Geel,stokt 20,50,0,65,2023-12-01 22:50:57,1,Bus
530,1,12/1/2023,12/8/2023,Mol,Stationstraat 6,30,1,73,2023-12-01 05:13:29,1,Bycicle
531,3,12/1/2023,12/8/2023,Meerhout,steenstraat 135,70,0,60,2023-12-03 07:41:27,0,Truck
532,3,12/1/2023,12/8/2023,Meerhout,steenstraat 135,70,0,36,2023-12-04 19:10:35,0,Bycicle
533,1,12/1/2023,12/8/2023,Mol,Stationstraat 6,30,1,66,2023-12-03 10:06:11,1,Motorcycle
534,1,12/1/2023,12/8/2023,Mol,Stationstraat 6,30,1,76,2023-12-02 21:51:03,1,Car
535,1,12/1/2023,12/8/2023,Mol,Stationstraat 6,30,1,35,2023-12-07 07:19:00,1,Car
536,1,12/1/2023,12/8/2023,Mol,Stationstraat 6,30,1,39,2023-12-05 06:38:05,1,Motorcycle
537,3,12/1/2023,12/8/2023,Meerhout,steenstraat 135,70,0,67,2023-12-06 16:10:54,0,Truck
538,2,12/1/2023,12/8/2023,Geel,stokt 20,50,0,78,2023-12-06 02:51:18,1,Bycicle
539,2,12/1/2023,12/8/2023,Geel,stokt 20,50,0,25,2023-12-01 20:50:57,0,Motorcycle
540,1,12/1/2023,12/8/2023,Mol,Stationstraat 6,30,1,59,2023-12-03 20:23:02,1,Car
541,3,12/1/2023,12/8/2023,Meerhout,steenstraat 135,70,0,70,2023-12-06 22:40:53,0,Bus
542,3,12/1/2023,12/8/2023,Meerhout,steenstraat 135,70,0,71,2023-12-01 22:55:45,1,Bus
543,1,12/1/2023,12/8/2023,Mol,Stationstraat 6,30,1,48,2023-12-06 18:29:45,1,Bus
544,1,12/1/2023,12/8/2023,Mol,Stationstraat 6,30,1,25,2023-12-06 15:59:21,0,Motorcycle
545,3,12/1/2023,12/8/2023,Meerhout,steenstraat 135,70,0,40,2023-12-04 13:02:00,0,Motorcycle
546,3,12/1/2023,12/8/2023,Meerhout,steenstraat 135,70,0,69,2023-12-01 04:15:02,0,Bycicle
547,2,12/1/2023,12/8/2023,Geel,stokt 20,50,0,50,2023-12-04 02:00:14,0,Bus
548,3,12/1/2023,12/8/2023,Meerhout,steenstraat 135,70,0,25,2023-12-03 22:22:13,0,Motorcycle
549,3,12/1/2023,12/8/2023,Meerhout,steenstraat 135,70,0,32,2023-12-01 06:54:03,0,Car
550,2,12/1/2023,12/8/2023,Geel,stokt 20,50,0,25,2023-12-04 08:12:49,0,Bycicle
551,2,12/1/2023,12/8/2023,Geel,stokt 20,50,0,43,2023-12-01 02:50:14,0,Truck
552,1,12/1/2023,12/8/2023,Mol,Stationstraat 6,30,1,72,2023-12-06 01:04:51,1,Bycicle
553,3,12/1/2023,12/8/2023,Meerhout,steenstraat 135,70,0,77,2023-12-06 18:07:24,1,Bycicle
554,2,12/1/2023,12/8/2023,Geel,stokt 20,50,0,37,2023-12-06 02:31:10,0,Car
555,3,12/1/2023,12/8/2023,Meerhout,steenstraat 135,70,0,60,2023-12-04 23:06:30,0,Bus
556,3,12/1/2023,12/8/2023,Meerhout,steenstraat 135,70,0,44,2023-12-02 04:19:49,0,Car
557,3,12/1/2023,12/8/2023,Meerhout,steenstraat 135,70,0,69,2023-12-05 05:58:22,0,Truck
558,3,12/1/2023,12/8/2023,Meerhout,steenstraat 135,70,0,80,2023-12-07 09:42:11,1,Motorcycle
559,1,12/1/2023,12/8/2023,Mol,Stationstraat 6,30,1,59,2023-12-04 02:49:30,1,Bycicle
560,2,12/1/2023,12/8/2023,Geel,stokt 20,50,0,59,2023-12-01 17:27:16,1,Car
561,3,12/1/2023,12/8/2023,Meerhout,steenstraat 135,70,0,60,2023-12-01 07:03:35,0,Truck
562,3,12/1/2023,12/8/2023,Meerhout,steenstraat 135,70,0,76,2023-12-04 16:38:49,1,Bycicle
563,1,12/1/2023,12/8/2023,Mol,Stationstraat 6,30,1,38,2023-12-04 10:53:51,1,Bycicle
564,3,12/1/2023,12/8/2023,Meerhout,steenstraat 135,70,0,55,2023-12-07 11:37:04,0,Bycicle
565,1,12/1/2023,12/8/2023,Mol,Stationstraat 6,30,1,77,2023-12-03 01:42:46,1,Bus
566,3,12/1/2023,12/8/2023,Meerhout,steenstraat 135,70,0,74,2023-12-01 21:49:08,1,Bycicle
567,1,12/1/2023,12/8/2023,Mol,Stationstraat 6,30,1,79,2023-12-07 15:29:12,1,Bus
568,3,12/1/2023,12/8/2023,Meerhout,steenstraat 135,70,0,37,2023-12-01 23:18:58,0,Truck
569,1,12/1/2023,12/8/2023,Mol,Stationstraat 6,30,1,35,2023-12-04 14:09:46,1,Truck
570,1,12/1/2023,12/8/2023,Mol,Stationstraat 6,30,1,27,2023-12-06 15:59:00,0,Truck
571,3,12/1/2023,12/8/2023,Meerhout,steenstraat 135,70,0,32,2023-12-03 05:07:20,0,Bycicle
572,3,12/1/2023,12/8/2023,Meerhout,steenstraat 135,70,0,59,2023-12-07 08:43:58,0,Bus
573,2,12/1/2023,12/8/2023,Geel,stokt 20,50,0,72,2023-12-02 00:46:28,1,Truck
574,3,12/1/2023,12/8/2023,Meerhout,steenstraat 135,70,0,58,2023-12-02 17:14:04,0,Bycicle
575,1,12/1/2023,12/8/2023,Mol,Stationstraat 6,30,1,46,2023-12-04 11:26:18,1,Bycicle
576,2,12/1/2023,12/8/2023,Geel,stokt 20,50,0,43,2023-12-06 23:19:51,0,Truck
577,2,12/1/2023,12/8/2023,Geel,stokt 20,50,0,67,2023-12-03 19:05:35,1,Motorcycle
578,1,12/1/2023,12/8/2023,Mol,Stationstraat 6,30,1,69,2023-12-01 11:18:32,1,Motorcycle
579,2,12/1/2023,12/8/2023,Geel,stokt 20,50,0,26,2023-12-06 18:46:51,0,Truck
580,1,12/1/2023,12/8/2023,Mol,Stationstraat 6,30,1,31,2023-12-03 14:10:09,1,Bycicle
581,2,12/1/2023,12/8/2023,Geel,stokt 20,50,0,41,2023-12-01 15:19:56,0,Truck
582,1,12/1/2023,12/8/2023,Mol,Stationstraat 6,30,1,39,2023-12-07 20:48:32,1,Bus
583,2,12/1/2023,12/8/2023,Geel,stokt 20,50,0,76,2023-12-03 10:15:40,1,Motorcycle
584,3,12/1/2023,12/8/2023,Meerhout,steenstraat 135,70,0,25,2023-12-03 23:45:44,0,Bycicle
585,3,12/1/2023,12/8/2023,Meerhout,steenstraat 135,70,0,37,2023-12-01 01:58:22,0,Motorcycle
586,3,12/1/2023,12/8/2023,Meerhout,steenstraat 135,70,0,71,2023-12-06 07:46:20,1,Bus
587,1,12/1/2023,12/8/2023,Mol,Stationstraat 6,30,1,43,2023-12-06 12:44:08,1,Bycicle
588,1,12/1/2023,12/8/2023,Mol,Stationstraat 6,30,1,71,2023-12-04 02:30:29,1,Car
589,2,12/1/2023,12/8/2023,Geel,stokt 20,50,0,43,2023-12-07 03:27:56,0,Car
590,1,12/1/2023,12/8/2023,Mol,Stationstraat 6,30,1,25,2023-12-02 09:26:44,0,Bycicle
591,2,12/1/2023,12/8/2023,Geel,stokt 20,50,0,35,2023-12-06 03:56:24,0,Motorcycle
592,1,12/1/2023,12/8/2023,Mol,Stationstraat 6,30,1,58,2023-12-03 15:01:20,1,Bus
593,1,12/1/2023,12/8/2023,Mol,Stationstraat 6,30,1,35,2023-12-06 02:12:04,1,Bus
594,1,12/1/2023,12/8/2023,Mol,Stationstraat 6,30,1,36,2023-12-06 15:48:31,1,Bus
595,1,12/1/2023,12/8/2023,Mol,Stationstraat 6,30,1,55,2023-12-03 21:45:45,1,Car
596,1,12/1/2023,12/8/2023,Mol,Stationstraat 6,30,1,59,2023-12-01 00:42:36,1,Bycicle
597,1,12/1/2023,12/8/2023,Mol,Stationstraat 6,30,1,70,2023-12-03 06:51:35,1,Bus
598,1,12/1/2023,12/8/2023,Mol,Stationstraat 6,30,1,78,2023-12-04 14:13:47,1,Car
599,2,12/1/2023,12/8/2023,Geel,stokt 20,50,0,66,2023-12-06 22:49:33,1,Bycicle
600,2,12/1/2023,12/8/2023,Geel,stokt 20,50,0,70,2023-12-01 00:32:41,1,Bycicle
601,3,12/1/2023,12/8/2023,Meerhout,steenstraat 135,70,0,42,2023-12-03 17:47:13,0,Motorcycle
602,3,12/1/2023,12/8/2023,Meerhout,steenstraat 135,70,0,30,2023-12-02 20:50:00,0,Motorcycle
603,1,12/1/2023,12/8/2023,Mol,Stationstraat 6,30,1,37,2023-12-01 14:10:17,1,Motorcycle
604,3,12/1/2023,12/8/2023,Meerhout,steenstraat 135,70,0,30,2023-12-04 02:31:43,0,Bus
605,1,12/1/2023,12/8/2023,Mol,Stationstraat 6,30,1,57,2023-12-03 09:23:24,1,Bycicle
606,1,12/1/2023,12/8/2023,Mol,Stationstraat 6,30,1,34,2023-12-05 23:51:05,1,Car
607,2,12/1/2023,12/8/2023,Geel,stokt 20,50,0,40,2023-12-04 12:23:59,0,Bus
608,2,12/1/2023,12/8/2023,Geel,stokt 20,50,0,51,2023-12-07 15:47:16,1,Car
609,3,12/1/2023,12/8/2023,Meerhout,steenstraat 135,70,0,50,2023-12-01 20:24:38,0,Bus
610,2,12/1/2023,12/8/2023,Geel,stokt 20,50,0,62,2023-12-01 10:02:29,1,Car
611,2,12/1/2023,12/8/2023,Geel,stokt 20,50,0,45,2023-12-06 09:31:42,0,Motorcycle
612,3,12/1/2023,12/8/2023,Meerhout,steenstraat 135,70,0,63,2023-12-04 14:29:23,0,Truck
613,3,12/1/2023,12/8/2023,Meerhout,steenstraat 135,70,0,58,2023-12-01 02:20:21,0,Bus
614,3,12/1/2023,12/8/2023,Meerhout,steenstraat 135,70,0,80,2023-12-02 17:28:33,1,Truck
615,1,12/1/2023,12/8/2023,Mol,Stationstraat 6,30,1,51,2023-12-01 22:12:14,1,Bus
616,3,12/1/2023,12/8/2023,Meerhout,steenstraat 135,70,0,44,2023-12-07 06:20:04,0,Car
617,3,12/1/2023,12/8/2023,Meerhout,steenstraat 135,70,0,74,2023-12-04 14:55:44,1,Car
618,2,12/1/2023,12/8/2023,Geel,stokt 20,50,0,31,2023-12-07 18:24:49,0,Truck
619,2,12/1/2023,12/8/2023,Geel,stokt 20,50,0,51,2023-12-06 06:40:20,1,Bycicle
620,1,12/1/2023,12/8/2023,Mol,Stationstraat 6,30,1,40,2023-12-01 13:11:06,1,Truck
621,3,12/1/2023,12/8/2023,Meerhout,steenstraat 135,70,0,72,2023-12-07 18:52:35,1,Motorcycle
622,1,12/1/2023,12/8/2023,Mol,Stationstraat 6,30,1,79,2023-12-02 23:04:39,1,Car
623,2,12/1/2023,12/8/2023,Geel,stokt 20,50,0,80,2023-12-03 07:44:37,1,Bus
624,2,12/1/2023,12/8/2023,Geel,stokt 20,50,0,52,2023-12-07 18:07:27,1,Bycicle
625,1,12/1/2023,12/8/2023,Mol,Stationstraat 6,30,1,42,2023-12-02 20:42:30,1,Bycicle
626,3,12/1/2023,12/8/2023,Meerhout,steenstraat 135,70,0,31,2023-12-07 21:20:03,0,Truck
627,2,12/1/2023,12/8/2023,Geel,stokt 20,50,0,60,2023-12-07 21:59:37,1,Motorcycle
628,3,12/1/2023,12/8/2023,Meerhout,steenstraat 135,70,0,74,2023-12-03 02:19:45,1,Bycicle
629,2,12/1/2023,12/8/2023,Geel,stokt 20,50,0,68,2023-12-02 14:02:27,1,Bus
630,3,12/1/2023,12/8/2023,Meerhout,steenstraat 135,70,0,25,2023-12-05 04:58:42,0,Bus
631,2,12/1/2023,12/8/2023,Geel,stokt 20,50,0,65,2023-12-05 04:56:11,1,Car
632,1,12/1/2023,12/8/2023,Mol,Stationstraat 6,30,1,74,2023-12-06 02:51:35,1,Car
633,2,12/1/2023,12/8/2023,Geel,stokt 20,50,0,41,2023-12-07 22:31:13,0,Bus
634,1,12/1/2023,12/8/2023,Mol,Stationstraat 6,30,1,79,2023-12-02 21:01:39,1,Car
635,1,12/1/2023,12/8/2023,Mol,Stationstraat 6,30,1,78,2023-12-01 09:17:22,1,Car
636,1,12/1/2023,12/8/2023,Mol,Stationstraat 6,30,1,74,2023-12-03 07:02:28,1,Motorcycle
637,1,12/1/2023,12/8/2023,Mol,Stationstraat 6,30,1,50,2023-12-07 21:30:40,1,Car
638,3,12/1/2023,12/8/2023,Meerhout,steenstraat 135,70,0,62,2023-12-03 07:28:15,0,Bycicle
639,1,12/1/2023,12/8/2023,Mol,Stationstraat 6,30,1,37,2023-12-02 03:24:47,1,Truck
640,1,12/1/2023,12/8/2023,Mol,Stationstraat 6,30,1,35,2023-12-01 08:05:39,1,Bycicle
641,1,12/1/2023,12/8/2023,Mol,Stationstraat 6,30,1,60,2023-12-03 15:18:41,1,Bus
642,1,12/1/2023,12/8/2023,Mol,Stationstraat 6,30,1,64,2023-12-02 06:51:56,1,Car
643,2,12/1/2023,12/8/2023,Geel,stokt 20,50,0,36,2023-12-03 07:20:30,0,Motorcycle
644,3,12/1/2023,12/8/2023,Meerhout,steenstraat 135,70,0,71,2023-12-05 16:15:16,1,Car
645,1,12/1/2023,12/8/2023,Mol,Stationstraat 6,30,1,27,2023-12-04 03:09:50,0,Car
646,1,12/1/2023,12/8/2023,Mol,Stationstraat 6,30,1,35,2023-12-04 10:50:57,1,Truck
647,1,12/1/2023,12/8/2023,Mol,Stationstraat 6,30,1,55,2023-12-02 00:25:06,1,Motorcycle
648,3,12/1/2023,12/8/2023,Meerhout,steenstraat 135,70,0,70,2023-12-07 19:57:19,0,Bycicle
649,3,12/1/2023,12/8/2023,Meerhout,steenstraat 135,70,0,26,2023-12-04 01:40:15,0,Motorcycle
650,1,12/1/2023,12/8/2023,Mol,Stationstraat 6,30,1,57,2023-12-05 12:22:20,1,Truck
651,3,12/1/2023,12/8/2023,Meerhout,steenstraat 135,70,0,34,2023-12-01 12:37:46,0,Bycicle
652,1,12/1/2023,12/8/2023,Mol,Stationstraat 6,30,1,50,2023-12-07 03:12:32,1,Bus
653,2,12/1/2023,12/8/2023,Geel,stokt 20,50,0,70,2023-12-06 20:43:33,1,Bycicle
654,3,12/1/2023,12/8/2023,Meerhout,steenstraat 135,70,0,31,2023-12-02 23:44:36,0,Bycicle
655,2,12/1/2023,12/8/2023,Geel,stokt 20,50,0,57,2023-12-05 04:32:52,1,Bus
656,2,12/1/2023,12/8/2023,Geel,stokt 20,50,0,29,2023-12-01 12:09:08,0,Truck
657,2,12/1/2023,12/8/2023,Geel,stokt 20,50,0,71,2023-12-05 13:04:39,1,Truck
658,2,12/1/2023,12/8/2023,Geel,stokt 20,50,0,66,2023-12-01 03:41:27,1,Bus
659,1,12/1/2023,12/8/2023,Mol,Stationstraat 6,30,1,35,2023-12-07 12:48:39,1,Truck
660,3,12/1/2023,12/8/2023,Meerhout,steenstraat 135,70,0,80,2023-12-01 07:17:19,1,Bus
661,2,12/1/2023,12/8/2023,Geel,stokt 20,50,0,30,2023-12-01 10:02:48,0,Truck
662,3,12/1/2023,12/8/2023,Meerhout,steenstraat 135,70,0,75,2023-12-07 17:57:49,1,Bycicle
663,3,12/1/2023,12/8/2023,Meerhout,steenstraat 135,70,0,50,2023-12-02 11:24:19,0,Motorcycle
664,2,12/1/2023,12/8/2023,Geel,stokt 20,50,0,53,2023-12-07 09:49:14,1,Bycicle
665,1,12/1/2023,12/8/2023,Mol,Stationstraat 6,30,1,78,2023-12-05 12:44:12,1,Truck
666,3,12/1/2023,12/8/2023,Meerhout,steenstraat 135,70,0,74,2023-12-05 11:49:00,1,Motorcycle
667,1,12/1/2023,12/8/2023,Mol,Stationstraat 6,30,1,44,2023-12-03 04:49:23,1,Truck
668,1,12/1/2023,12/8/2023,Mol,Stationstraat 6,30,1,42,2023-12-03 21:42:10,1,Truck
669,2,12/1/2023,12/8/2023,Geel,stokt 20,50,0,66,2023-12-05 05:07:21,1,Car
670,3,12/1/2023,12/8/2023,Meerhout,steenstraat 135,70,0,33,2023-12-01 23:07:24,0,Motorcycle
671,2,12/1/2023,12/8/2023,Geel,stokt 20,50,0,35,2023-12-01 20:15:20,0,Car
672,3,12/1/2023,12/8/2023,Meerhout,steenstraat 135,70,0,63,2023-12-01 22:23:26,0,Car
673,2,12/1/2023,12/8/2023,Geel,stokt 20,50,0,40,2023-12-04 16:41:25,0,Motorcycle
674,3,12/1/2023,12/8/2023,Meerhout,steenstraat 135,70,0,42,2023-12-07 18:46:29,0,Bus
675,2,12/1/2023,12/8/2023,Geel,stokt 20,50,0,25,2023-12-02 12:53:27,0,Motorcycle
676,2,12/1/2023,12/8/2023,Geel,stokt 20,50,0,57,2023-12-03 09:49:28,1,Motorcycle
677,1,12/1/2023,12/8/2023,Mol,Stationstraat 6,30,1,37,2023-12-04 12:52:32,1,Bus
678,3,12/1/2023,12/8/2023,Meerhout,steenstraat 135,70,0,52,2023-12-02 15:08:14,0,Bus
679,3,12/1/2023,12/8/2023,Meerhout,steenstraat 135,70,0,39,2023-12-07 03:47:59,0,Bus
680,1,12/1/2023,12/8/2023,Mol,Stationstraat 6,30,1,39,2023-12-06 02:58:06,1,Bus
681,1,12/1/2023,12/8/2023,Mol,Stationstraat 6,30,1,59,2023-12-04 18:22:52,1,Truck
682,1,12/1/2023,12/8/2023,Mol,Stationstraat 6,30,1,39,2023-12-04 16:27:31,1,Car
683,1,12/1/2023,12/8/2023,Mol,Stationstraat 6,30,1,43,2023-12-05 12:24:51,1,Bus
684,1,12/1/2023,12/8/2023,Mol,Stationstraat 6,30,1,54,2023-12-03 04:42:59,1,Bus
685,3,12/1/2023,12/8/2023,Meerhout,steenstraat 135,70,0,51,2023-12-01 22:47:21,0,Car
686,2,12/1/2023,12/8/2023,Geel,stokt 20,50,0,29,2023-12-07 05:38:38,0,Motorcycle
687,2,12/1/2023,12/8/2023,Geel,stokt 20,50,0,32,2023-12-03 05:51:53,0,Truck
688,3,12/1/2023,12/8/2023,Meerhout,steenstraat 135,70,0,73,2023-12-04 14:19:53,1,Bycicle
689,3,12/1/2023,12/8/2023,Meerhout,steenstraat 135,70,0,28,2023-12-05 03:28:09,0,Motorcycle
690,1,12/1/2023,12/8/2023,Mol,Stationstraat 6,30,1,78,2023-12-03 03:24:25,1,Bus
691,2,12/1/2023,12/8/2023,Geel,stokt 20,50,0,76,2023-12-07 03:47:27,1,Bycicle
692,2,12/1/2023,12/8/2023,Geel,stokt 20,50,0,62,2023-12-02 05:22:34,1,Bycicle
693,3,12/1/2023,12/8/2023,Meerhout,steenstraat 135,70,0,66,2023-12-05 22:58:38,0,Car
694,1,12/1/2023,12/8/2023,Mol,Stationstraat 6,30,1,35,2023-12-06 20:17:44,1,Bycicle
695,2,12/1/2023,12/8/2023,Geel,stokt 20,50,0,80,2023-12-03 09:28:01,1,Truck
696,1,12/1/2023,12/8/2023,Mol,Stationstraat 6,30,1,79,2023-12-03 09:34:50,1,Motorcycle
697,3,12/1/2023,12/8/2023,Meerhout,steenstraat 135,70,0,37,2023-12-02 03:14:30,0,Car
698,3,12/1/2023,12/8/2023,Meerhout,steenstraat 135,70,0,65,2023-12-01 13:27:00,0,Motorcycle
699,2,12/1/2023,12/8/2023,Geel,stokt 20,50,0,62,2023-12-04 20:37:54,1,Bus
700,2,12/1/2023,12/8/2023,Geel,stokt 20,50,0,45,2023-12-06 23:42:20,0,Bycicle
701,1,12/1/2023,12/8/2023,Mol,Stationstraat 6,30,1,74,2023-12-02 07:20:29,1,Motorcycle
702,1,12/1/2023,12/8/2023,Mol,Stationstraat 6,30,1,33,2023-12-03 06:26:00,1,Car
703,1,12/1/2023,12/8/2023,Mol,Stationstraat 6,30,1,40,2023-12-04 00:32:11,1,Bycicle
704,3,12/1/2023,12/8/2023,Meerhout,steenstraat 135,70,0,37,2023-12-07 14:46:31,0,Car
705,1,12/1/2023,12/8/2023,Mol,Stationstraat 6,30,1,49,2023-12-07 05:34:13,1,Truck
706,3,12/1/2023,12/8/2023,Meerhout,steenstraat 135,70,0,80,2023-12-05 02:54:20,1,Car
707,2,12/1/2023,12/8/2023,Geel,stokt 20,50,0,43,2023-12-07 02:41:17,0,Bus
708,3,12/1/2023,12/8/2023,Meerhout,steenstraat 135,70,0,46,2023-12-04 03:55:34,0,Bycicle
709,3,12/1/2023,12/8/2023,Meerhout,steenstraat 135,70,0,56,2023-12-05 18:12:37,0,Car
710,1,12/1/2023,12/8/2023,Mol,Stationstraat 6,30,1,44,2023-12-02 23:26:33,1,Car
711,2,12/1/2023,12/8/2023,Geel,stokt 20,50,0,27,2023-12-04 12:41:02,0,Bycicle
712,3,12/1/2023,12/8/2023,Meerhout,steenstraat 135,70,0,71,2023-12-02 07:20:54,1,Motorcycle
713,3,12/1/2023,12/8/2023,Meerhout,steenstraat 135,70,0,34,2023-12-04 06:06:33,0,Bus
714,2,12/1/2023,12/8/2023,Geel,stokt 20,50,0,54,2023-12-01 14:30:58,1,Truck
715,3,12/1/2023,12/8/2023,Meerhout,steenstraat 135,70,0,70,2023-12-06 13:23:52,0,Bus
716,1,12/1/2023,12/8/2023,Mol,Stationstraat 6,30,1,60,2023-12-05 13:01:08,1,Bus
717,2,12/1/2023,12/8/2023,Geel,stokt 20,50,0,42,2023-12-07 13:13:29,0,Bycicle
718,3,12/1/2023,12/8/2023,Meerhout,steenstraat 135,70,0,65,2023-12-01 07:35:39,0,Motorcycle
719,1,12/1/2023,12/8/2023,Mol,Stationstraat 6,30,1,49,2023-12-06 23:20:50,1,Bus
720,3,12/1/2023,12/8/2023,Meerhout,steenstraat 135,70,0,32,2023-12-07 12:48:09,0,Truck
721,3,12/1/2023,12/8/2023,Meerhout,steenstraat 135,70,0,60,2023-12-01 08:27:05,0,Car
722,2,12/1/2023,12/8/2023,Geel,stokt 20,50,0,26,2023-12-06 06:59:54,0,Motorcycle
723,2,12/1/2023,12/8/2023,Geel,stokt 20,50,0,42,2023-12-01 02:45:52,0,Bus
724,1,12/1/2023,12/8/2023,Mol,Stationstraat 6,30,1,60,2023-12-05 10:33:25,1,Bus
725,3,12/1/2023,12/8/2023,Meerhout,steenstraat 135,70,0,75,2023-12-01 22:20:24,1,Bus
726,3,12/1/2023,12/8/2023,Meerhout,steenstraat 135,70,0,72,2023-12-07 04:36:12,1,Bycicle
727,2,12/1/2023,12/8/2023,Geel,stokt 20,50,0,62,2023-12-04 12:18:11,1,Motorcycle
728,3,12/1/2023,12/8/2023,Meerhout,steenstraat 135,70,0,45,2023-12-04 08:57:29,0,Motorcycle
729,3,12/1/2023,12/8/2023,Meerhout,steenstraat 135,70,0,47,2023-12-05 09:57:45,0,Bycicle
730,3,12/1/2023,12/8/2023,Meerhout,steenstraat 135,70,0,49,2023-12-02 23:39:17,0,Bus
731,2,12/1/2023,12/8/2023,Geel,stokt 20,50,0,61,2023-12-05 17:25:22,1,Car
732,2,12/1/2023,12/8/2023,Geel,stokt 20,50,0,38,2023-12-02 21:59:22,0,Truck
733,3,12/1/2023,12/8/2023,Meerhout,steenstraat 135,70,0,40,2023-12-01 00:10:55,0,Motorcycle
734,1,12/1/2023,12/8/2023,Mol,Stationstraat 6,30,1,42,2023-12-02 23:33:35,1,Car
735,3,12/1/2023,12/8/2023,Meerhout,steenstraat 135,70,0,80,2023-12-04 10:54:11,1,Car
736,1,12/1/2023,12/8/2023,Mol,Stationstraat 6,30,1,46,2023-12-05 18:54:48,1,Bus
737,3,12/1/2023,12/8/2023,Meerhout,steenstraat 135,70,0,48,2023-12-03 13:55:37,0,Bycicle
738,1,12/1/2023,12/8/2023,Mol,Stationstraat 6,30,1,47,2023-12-06 14:58:56,1,Motorcycle
739,3,12/1/2023,12/8/2023,Meerhout,steenstraat 135,70,0,52,2023-12-07 09:32:52,0,Truck
740,3,12/1/2023,12/8/2023,Meerhout,steenstraat 135,70,0,51,2023-12-06 22:31:48,0,Car
741,2,12/1/2023,12/8/2023,Geel,stokt 20,50,0,64,2023-12-02 05:07:29,1,Bus
742,2,12/1/2023,12/8/2023,Geel,stokt 20,50,0,60,2023-12-02 01:24:42,1,Car
743,3,12/1/2023,12/8/2023,Meerhout,steenstraat 135,70,0,69,2023-12-02 02:06:13,0,Motorcycle
744,2,12/1/2023,12/8/2023,Geel,stokt 20,50,0,27,2023-12-02 17:58:07,0,Bus
745,1,12/1/2023,12/8/2023,Mol,Stationstraat 6,30,1,65,2023-12-04 11:56:43,1,Truck
746,2,12/1/2023,12/8/2023,Geel,stokt 20,50,0,67,2023-12-01 11:22:28,1,Bus
747,1,12/1/2023,12/8/2023,Mol,Stationstraat 6,30,1,56,2023-12-03 13:18:28,1,Motorcycle
748,3,12/1/2023,12/8/2023,Meerhout,steenstraat 135,70,0,64,2023-12-07 15:52:22,0,Car
749,3,12/1/2023,12/8/2023,Meerhout,steenstraat 135,70,0,48,2023-12-07 08:49:07,0,Bycicle
750,3,12/1/2023,12/8/2023,Meerhout,steenstraat 135,70,0,66,2023-12-05 08:51:37,0,Car
751,3,12/1/2023,12/8/2023,Meerhout,steenstraat 135,70,0,58,2023-12-02 18:14:01,0,Car
752,3,12/1/2023,12/8/2023,Meerhout,steenstraat 135,70,0,52,2023-12-04 16:59:37,0,Bycicle
753,2,12/1/2023,12/8/2023,Geel,stokt 20,50,0,54,2023-12-06 16:23:04,1,Motorcycle
754,1,12/1/2023,12/8/2023,Mol,Stationstraat 6,30,1,57,2023-12-04 11:32:02,1,Bus
755,2,12/1/2023,12/8/2023,Geel,stokt 20,50,0,43,2023-12-01 11:46:18,0,Car
756,2,12/1/2023,12/8/2023,Geel,stokt 20,50,0,36,2023-12-03 07:50:43,0,Bycicle
757,3,12/1/2023,12/8/2023,Meerhout,steenstraat 135,70,0,65,2023-12-05 12:06:30,0,Bus
758,2,12/1/2023,12/8/2023,Geel,stokt 20,50,0,33,2023-12-06 20:50:36,0,Truck
759,1,12/1/2023,12/8/2023,Mol,Stationstraat 6,30,1,29,2023-12-07 08:03:22,0,Motorcycle
760,2,12/1/2023,12/8/2023,Geel,stokt 20,50,0,31,2023-12-04 07:50:21,0,Motorcycle
761,1,12/1/2023,12/8/2023,Mol,Stationstraat 6,30,1,77,2023-12-05 06:31:46,1,Motorcycle
762,3,12/1/2023,12/8/2023,Meerhout,steenstraat 135,70,0,77,2023-12-03 09:24:54,1,Car
763,1,12/1/2023,12/8/2023,Mol,Stationstraat 6,30,1,57,2023-12-06 17:16:22,1,Truck
764,1,12/1/2023,12/8/2023,Mol,Stationstraat 6,30,1,56,2023-12-03 11:45:47,1,Bycicle
765,3,12/1/2023,12/8/2023,Meerhout,steenstraat 135,70,0,79,2023-12-07 13:31:54,1,Truck
766,3,12/1/2023,12/8/2023,Meerhout,steenstraat 135,70,0,55,2023-12-06 19:12:30,0,Truck
767,3,12/1/2023,12/8/2023,Meerhout,steenstraat 135,70,0,65,2023-12-07 22:18:37,0,Car
768,2,12/1/2023,12/8/2023,Geel,stokt 20,50,0,44,2023-12-04 18:52:04,0,Bycicle
769,2,12/1/2023,12/8/2023,Geel,stokt 20,50,0,50,2023-12-07 20:12:26,0,Car
770,2,12/1/2023,12/8/2023,Geel,stokt 20,50,0,50,2023-12-05 16:00:46,0,Bus
771,2,12/1/2023,12/8/2023,Geel,stokt 20,50,0,35,2023-12-07 03:47:20,0,Bycicle
772,3,12/1/2023,12/8/2023,Meerhout,steenstraat 135,70,0,35,2023-12-03 12:36:58,0,Bycicle
773,1,12/1/2023,12/8/2023,Mol,Stationstraat 6,30,1,76,2023-12-07 21:46:00,1,Car
774,2,12/1/2023,12/8/2023,Geel,stokt 20,50,0,70,2023-12-01 21:05:55,1,Motorcycle
775,1,12/1/2023,12/8/2023,Mol,Stationstraat 6,30,1,62,2023-12-05 17:36:50,1,Bus
776,1,12/1/2023,12/8/2023,Mol,Stationstraat 6,30,1,40,2023-12-04 06:51:07,1,Bus
777,1,12/1/2023,12/8/2023,Mol,Stationstraat 6,30,1,72,2023-12-07 10:27:10,1,Truck
778,3,12/1/2023,12/8/2023,Meerhout,steenstraat 135,70,0,49,2023-12-06 04:53:51,0,Bycicle
779,3,12/1/2023,12/8/2023,Meerhout,steenstraat 135,70,0,67,2023-12-05 23:54:27,0,Bus
780,3,12/1/2023,12/8/2023,Meerhout,steenstraat 135,70,0,55,2023-12-04 01:39:53,0,Motorcycle
781,2,12/1/2023,12/8/2023,Geel,stokt 20,50,0,69,2023-12-04 03:39:41,1,Bus
782,1,12/1/2023,12/8/2023,Mol,Stationstraat 6,30,1,63,2023-12-02 11:42:24,1,Bycicle
783,2,12/1/2023,12/8/2023,Geel,stokt 20,50,0,49,2023-12-06 14:02:18,0,Bus
784,1,12/1/2023,12/8/2023,Mol,Stationstraat 6,30,1,75,2023-12-05 04:15:52,1,Motorcycle
785,3,12/1/2023,12/8/2023,Meerhout,steenstraat 135,70,0,39,2023-12-07 12:53:16,0,Truck
786,1,12/1/2023,12/8/2023,Mol,Stationstraat 6,30,1,51,2023-12-07 04:42:42,1,Motorcycle
787,1,12/1/2023,12/8/2023,Mol,Stationstraat 6,30,1,66,2023-12-01 21:12:02,1,Truck
788,3,12/1/2023,12/8/2023,Meerhout,steenstraat 135,70,0,64,2023-12-02 22:22:51,0,Motorcycle
789,3,12/1/2023,12/8/2023,Meerhout,steenstraat 135,70,0,52,2023-12-04 09:22:12,0,Truck
790,2,12/1/2023,12/8/2023,Geel,stokt 20,50,0,37,2023-12-06 19:02:14,0,Car
791,1,12/1/2023,12/8/2023,Mol,Stationstraat 6,30,1,58,2023-12-04 00:33:18,1,Truck
792,1,12/1/2023,12/8/2023,Mol,Stationstraat 6,30,1,56,2023-12-05 00:49:55,1,Truck
793,2,12/1/2023,12/8/2023,Geel,stokt 20,50,0,26,2023-12-05 18:46:32,0,Bus
794,3,12/1/2023,12/8/2023,Meerhout,steenstraat 135,70,0,76,2023-12-03 17:37:25,1,Car
795,1,12/1/2023,12/8/2023,Mol,Stationstraat 6,30,1,31,2023-12-06 02:44:43,1,Truck
796,3,12/1/2023,12/8/2023,Meerhout,steenstraat 135,70,0,60,2023-12-06 15:48:09,0,Car
797,1,12/1/2023,12/8/2023,Mol,Stationstraat 6,30,1,34,2023-12-02 04:37:44,1,Car
798,2,12/1/2023,12/8/2023,Geel,stokt 20,50,0,62,2023-12-01 07:48:51,1,Bus
799,3,12/1/2023,12/8/2023,Meerhout,steenstraat 135,70,0,41,2023-12-04 20:21:47,0,Motorcycle
800,1,12/1/2023,12/8/2023,Mol,Stationstraat 6,30,1,78,2023-12-07 17:18:46,1,Bycicle
801,2,12/1/2023,12/8/2023,Geel,stokt 20,50,0,25,2023-12-01 10:10:39,0,Bycicle
802,3,12/1/2023,12/8/2023,Meerhout,steenstraat 135,70,0,35,2023-12-05 18:01:02,0,Bycicle
803,2,12/1/2023,12/8/2023,Geel,stokt 20,50,0,26,2023-12-01 03:49:19,0,Bycicle
804,3,12/1/2023,12/8/2023,Meerhout,steenstraat 135,70,0,36,2023-12-04 10:51:24,0,Bus
805,2,12/1/2023,12/8/2023,Geel,stokt 20,50,0,36,2023-12-07 21:03:56,0,Car
806,1,12/1/2023,12/8/2023,Mol,Stationstraat 6,30,1,53,2023-12-01 17:39:55,1,Truck
807,1,12/1/2023,12/8/2023,Mol,Stationstraat 6,30,1,72,2023-12-04 21:18:45,1,Motorcycle
808,1,12/1/2023,12/8/2023,Mol,Stationstraat 6,30,1,80,2023-12-04 13:11:15,1,Motorcycle
809,2,12/1/2023,12/8/2023,Geel,stokt 20,50,0,54,2023-12-02 18:15:51,1,Truck
810,1,12/1/2023,12/8/2023,Mol,Stationstraat 6,30,1,72,2023-12-06 15:21:10,1,Bycicle
811,1,12/1/2023,12/8/2023,Mol,Stationstraat 6,30,1,31,2023-12-07 06:29:01,1,Bycicle
812,1,12/1/2023,12/8/2023,Mol,Stationstraat 6,30,1,62,2023-12-01 13:58:13,1,Bycicle
813,3,12/1/2023,12/8/2023,Meerhout,steenstraat 135,70,0,67,2023-12-01 04:40:51,0,Truck
814,3,12/1/2023,12/8/2023,Meerhout,steenstraat 135,70,0,46,2023-12-02 02:12:18,0,Motorcycle
815,1,12/1/2023,12/8/2023,Mol,Stationstraat 6,30,1,27,2023-12-03 10:06:25,0,Bus
816,3,12/1/2023,12/8/2023,Meerhout,steenstraat 135,70,0,74,2023-12-04 20:18:22,1,Motorcycle
817,2,12/1/2023,12/8/2023,Geel,stokt 20,50,0,49,2023-12-01 19:12:17,0,Truck
818,1,12/1/2023,12/8/2023,Mol,Stationstraat 6,30,1,45,2023-12-07 07:11:10,1,Bycicle
819,3,12/1/2023,12/8/2023,Meerhout,steenstraat 135,70,0,35,2023-12-02 15:22:08,0,Car
820,3,12/1/2023,12/8/2023,Meerhout,steenstraat 135,70,0,58,2023-12-01 08:40:21,0,Bycicle
821,1,12/1/2023,12/8/2023,Mol,Stationstraat 6,30,1,25,2023-12-02 20:04:03,0,Bus
822,1,12/1/2023,12/8/2023,Mol,Stationstraat 6,30,1,71,2023-12-06 20:09:20,1,Car
823,2,12/1/2023,12/8/2023,Geel,stokt 20,50,0,38,2023-12-06 17:28:20,0,Car
824,1,12/1/2023,12/8/2023,Mol,Stationstraat 6,30,1,61,2023-12-01 04:18:07,1,Bus
825,3,12/1/2023,12/8/2023,Meerhout,steenstraat 135,70,0,58,2023-12-06 20:39:34,0,Bus
826,1,12/1/2023,12/8/2023,Mol,Stationstraat 6,30,1,27,2023-12-05 05:14:55,0,Motorcycle
827,2,12/1/2023,12/8/2023,Geel,stokt 20,50,0,47,2023-12-04 13:49:58,0,Truck
828,2,12/1/2023,12/8/2023,Geel,stokt 20,50,0,73,2023-12-03 13:48:28,1,Truck
829,1,12/1/2023,12/8/2023,Mol,Stationstraat 6,30,1,70,2023-12-07 12:41:47,1,Motorcycle
830,2,12/1/2023,12/8/2023,Geel,stokt 20,50,0,43,2023-12-05 06:26:15,0,Truck
831,3,12/1/2023,12/8/2023,Meerhout,steenstraat 135,70,0,39,2023-12-03 14:13:50,0,Bycicle
832,3,12/1/2023,12/8/2023,Meerhout,steenstraat 135,70,0,74,2023-12-04 07:47:43,1,Bycicle
833,1,12/1/2023,12/8/2023,Mol,Stationstraat 6,30,1,54,2023-12-06 07:12:47,1,Car
834,2,12/1/2023,12/8/2023,Geel,stokt 20,50,0,26,2023-12-06 01:45:38,0,Bycicle
835,3,12/1/2023,12/8/2023,Meerhout,steenstraat 135,70,0,73,2023-12-07 05:29:47,1,Motorcycle
836,3,12/1/2023,12/8/2023,Meerhout,steenstraat 135,70,0,58,2023-12-01 15:51:28,0,Car
837,2,12/1/2023,12/8/2023,Geel,stokt 20,50,0,53,2023-12-05 21:21:43,1,Motorcycle
838,2,12/1/2023,12/8/2023,Geel,stokt 20,50,0,27,2023-12-03 01:16:16,0,Car
839,2,12/1/2023,12/8/2023,Geel,stokt 20,50,0,43,2023-12-05 12:32:26,0,Bycicle
840,2,12/1/2023,12/8/2023,Geel,stokt 20,50,0,38,2023-12-01 13:10:16,0,Bycicle
841,3,12/1/2023,12/8/2023,Meerhout,steenstraat 135,70,0,40,2023-12-02 17:55:34,0,Bycicle
842,2,12/1/2023,12/8/2023,Geel,stokt 20,50,0,63,2023-12-04 03:09:27,1,Car
843,2,12/1/2023,12/8/2023,Geel,stokt 20,50,0,53,2023-12-03 05:28:48,1,Truck
844,2,12/1/2023,12/8/2023,Geel,stokt 20,50,0,54,2023-12-03 11:40:14,1,Truck
845,3,12/1/2023,12/8/2023,Meerhout,steenstraat 135,70,0,70,2023-12-01 06:41:24,0,Car
846,3,12/1/2023,12/8/2023,Meerhout,steenstraat 135,70,0,66,2023-12-01 09:32:00,0,Truck
847,3,12/1/2023,12/8/2023,Meerhout,steenstraat 135,70,0,49,2023-12-04 18:17:55,0,Car
848,1,12/1/2023,12/8/2023,Mol,Stationstraat 6,30,1,56,2023-12-04 09:49:07,1,Motorcycle
849,1,12/1/2023,12/8/2023,Mol,Stationstraat 6,30,1,65,2023-12-06 00:39:27,1,Car
850,1,12/1/2023,12/8/2023,Mol,Stationstraat 6,30,1,63,2023-12-05 02:03:01,1,Bus
851,3,12/1/2023,12/8/2023,Meerhout,steenstraat 135,70,0,28,2023-12-05 10:23:36,0,Bycicle
852,3,12/1/2023,12/8/2023,Meerhout,steenstraat 135,70,0,48,2023-12-03 03:35:28,0,Truck
853,1,12/1/2023,12/8/2023,Mol,Stationstraat 6,30,1,78,2023-12-06 22:46:46,1,Bycicle
854,3,12/1/2023,12/8/2023,Meerhout,steenstraat 135,70,0,75,2023-12-07 18:13:27,1,Motorcycle
855,1,12/1/2023,12/8/2023,Mol,Stationstraat 6,30,1,54,2023-12-06 02:05:07,1,Car
856,3,12/1/2023,12/8/2023,Meerhout,steenstraat 135,70,0,60,2023-12-01 21:10:46,0,Bus
857,3,12/1/2023,12/8/2023,Meerhout,steenstraat 135,70,0,67,2023-12-03 14:04:15,0,Bycicle
858,3,12/1/2023,12/8/2023,Meerhout,steenstraat 135,70,0,71,2023-12-07 12:50:49,1,Car
859,3,12/1/2023,12/8/2023,Meerhout,steenstraat 135,70,0,76,2023-12-03 20:13:11,1,Bycicle
860,2,12/1/2023,12/8/2023,Geel,stokt 20,50,0,75,2023-12-03 19:02:41,1,Motorcycle
861,1,12/1/2023,12/8/2023,Mol,Stationstraat 6,30,1,58,2023-12-07 13:49:11,1,Bus
862,1,12/1/2023,12/8/2023,Mol,Stationstraat 6,30,1,77,2023-12-03 02:15:17,1,Truck
863,2,12/1/2023,12/8/2023,Geel,stokt 20,50,0,45,2023-12-02 21:28:00,0,Bus
864,3,12/1/2023,12/8/2023,Meerhout,steenstraat 135,70,0,43,2023-12-06 02:07:04,0,Motorcycle
865,2,12/1/2023,12/8/2023,Geel,stokt 20,50,0,29,2023-12-05 20:54:01,0,Bycicle
866,1,12/1/2023,12/8/2023,Mol,Stationstraat 6,30,1,78,2023-12-07 18:42:00,1,Car
867,2,12/1/2023,12/8/2023,Geel,stokt 20,50,0,53,2023-12-04 01:17:52,1,Motorcycle
868,1,12/1/2023,12/8/2023,Mol,Stationstraat 6,30,1,48,2023-12-01 02:01:10,1,Motorcycle
869,3,12/1/2023,12/8/2023,Meerhout,steenstraat 135,70,0,42,2023-12-06 02:04:55,0,Bycicle
870,2,12/1/2023,12/8/2023,Geel,stokt 20,50,0,65,2023-12-05 12:46:19,1,Bycicle
871,1,12/1/2023,12/8/2023,Mol,Stationstraat 6,30,1,61,2023-12-03 12:38:02,1,Bycicle
872,1,12/1/2023,12/8/2023,Mol,Stationstraat 6,30,1,73,2023-12-04 09:54:23,1,Bus
873,3,12/1/2023,12/8/2023,Meerhout,steenstraat 135,70,0,56,2023-12-04 19:35:36,0,Bycicle
874,2,12/1/2023,12/8/2023,Geel,stokt 20,50,0,76,2023-12-03 15:38:54,1,Bycicle
875,2,12/1/2023,12/8/2023,Geel,stokt 20,50,0,67,2023-12-02 03:17:58,1,Truck
876,3,12/1/2023,12/8/2023,Meerhout,steenstraat 135,70,0,56,2023-12-03 12:12:18,0,Bus
877,1,12/1/2023,12/8/2023,Mol,Stationstraat 6,30,1,43,2023-12-05 08:48:07,1,Bus
878,1,12/1/2023,12/8/2023,Mol,Stationstraat 6,30,1,75,2023-12-05 13:48:12,1,Bycicle
879,3,12/1/2023,12/8/2023,Meerhout,steenstraat 135,70,0,42,2023-12-04 21:48:08,0,Motorcycle
880,2,12/1/2023,12/8/2023,Geel,stokt 20,50,0,68,2023-12-05 14:48:09,1,Bycicle
881,2,12/1/2023,12/8/2023,Geel,stokt 20,50,0,77,2023-12-03 18:11:03,1,Car
882,2,12/1/2023,12/8/2023,Geel,stokt 20,50,0,73,2023-12-03 04:57:27,1,Bycicle
883,1,12/1/2023,12/8/2023,Mol,Stationstraat 6,30,1,71,2023-12-07 09:39:46,1,Bycicle
884,2,12/1/2023,12/8/2023,Geel,stokt 20,50,0,33,2023-12-03 09:56:22,0,Truck
885,3,12/1/2023,12/8/2023,Meerhout,steenstraat 135,70,0,44,2023-12-02 12:19:25,0,Bycicle
886,1,12/1/2023,12/8/2023,Mol,Stationstraat 6,30,1,39,2023-12-05 23:07:21,1,Truck
887,2,12/1/2023,12/8/2023,Geel,stokt 20,50,0,27,2023-12-07 19:36:57,0,Bycicle
888,2,12/1/2023,12/8/2023,Geel,stokt 20,50,0,68,2023-12-06 09:24:16,1,Motorcycle
889,2,12/1/2023,12/8/2023,Geel,stokt 20,50,0,46,2023-12-04 21:01:01,0,Truck
890,2,12/1/2023,12/8/2023,Geel,stokt 20,50,0,53,2023-12-01 10:16:48,1,Truck
891,1,12/1/2023,12/8/2023,Mol,Stationstraat 6,30,1,55,2023-12-04 15:49:54,1,Car
892,2,12/1/2023,12/8/2023,Geel,stokt 20,50,0,66,2023-12-06 22:12:50,1,Motorcycle
893,2,12/1/2023,12/8/2023,Geel,stokt 20,50,0,69,2023-12-01 10:22:27,1,Car
894,2,12/1/2023,12/8/2023,Geel,stokt 20,50,0,72,2023-12-06 13:47:52,1,Motorcycle
895,2,12/1/2023,12/8/2023,Geel,stokt 20,50,0,73,2023-12-05 20:46:02,1,Motorcycle
896,3,12/1/2023,12/8/2023,Meerhout,steenstraat 135,70,0,40,2023-12-06 11:31:24,0,Truck
897,1,12/1/2023,12/8/2023,Mol,Stationstraat 6,30,1,49,2023-12-07 11:55:15,1,Bus
898,3,12/1/2023,12/8/2023,Meerhout,steenstraat 135,70,0,62,2023-12-02 06:58:53,0,Truck
899,2,12/1/2023,12/8/2023,Geel,stokt 20,50,0,27,2023-12-04 15:03:50,0,Car
900,2,12/1/2023,12/8/2023,Geel,stokt 20,50,0,37,2023-12-07 22:11:25,0,Truck
901,3,12/1/2023,12/8/2023,Meerhout,steenstraat 135,70,0,27,2023-12-04 19:54:06,0,Bycicle
902,3,12/1/2023,12/8/2023,Meerhout,steenstraat 135,70,0,41,2023-12-04 03:40:13,0,Car
903,2,12/1/2023,12/8/2023,Geel,stokt 20,50,0,45,2023-12-01 15:57:15,0,Truck
904,3,12/1/2023,12/8/2023,Meerhout,steenstraat 135,70,0,38,2023-12-01 00:34:06,0,Bycicle
905,2,12/1/2023,12/8/2023,Geel,stokt 20,50,0,44,2023-12-04 10:27:29,0,Bycicle
906,2,12/1/2023,12/8/2023,Geel,stokt 20,50,0,56,2023-12-06 10:26:55,1,Car
907,2,12/1/2023,12/8/2023,Geel,stokt 20,50,0,65,2023-12-01 14:44:33,1,Car
908,1,12/1/2023,12/8/2023,Mol,Stationstraat 6,30,1,59,2023-12-07 06:26:28,1,Car
909,3,12/1/2023,12/8/2023,Meerhout,steenstraat 135,70,0,75,2023-12-06 21:21:43,1,Car
910,1,12/1/2023,12/8/2023,Mol,Stationstraat 6,30,1,47,2023-12-07 19:04:15,1,Car
911,2,12/1/2023,12/8/2023,Geel,stokt 20,50,0,39,2023-12-02 08:15:01,0,Motorcycle
912,1,12/1/2023,12/8/2023,Mol,Stationstraat 6,30,1,73,2023-12-05 02:44:28,1,Bus
913,1,12/1/2023,12/8/2023,Mol,Stationstraat 6,30,1,76,2023-12-06 16:55:25,1,Bus
914,3,12/1/2023,12/8/2023,Meerhout,steenstraat 135,70,0,46,2023-12-02 01:41:22,0,Motorcycle
915,1,12/1/2023,12/8/2023,Mol,Stationstraat 6,30,1,57,2023-12-05 15:05:50,1,Car
916,2,12/1/2023,12/8/2023,Geel,stokt 20,50,0,51,2023-12-04 20:03:28,1,Bus
917,1,12/1/2023,12/8/2023,Mol,Stationstraat 6,30,1,75,2023-12-02 12:37:34,1,Motorcycle
918,2,12/1/2023,12/8/2023,Geel,stokt 20,50,0,65,2023-12-01 18:39:57,1,Bycicle
919,3,12/1/2023,12/8/2023,Meerhout,steenstraat 135,70,0,50,2023-12-07 05:08:42,0,Car
920,2,12/1/2023,12/8/2023,Geel,stokt 20,50,0,47,2023-12-03 09:01:14,0,Bus
921,3,12/1/2023,12/8/2023,Meerhout,steenstraat 135,70,0,31,2023-12-01 22:28:10,0,Bus
922,1,12/1/2023,12/8/2023,Mol,Stationstraat 6,30,1,42,2023-12-06 02:21:07,1,Motorcycle
923,2,12/1/2023,12/8/2023,Geel,stokt 20,50,0,69,2023-12-02 06:09:03,1,Bycicle
924,3,12/1/2023,12/8/2023,Meerhout,steenstraat 135,70,0,78,2023-12-05 14:27:23,1,Bus
925,2,12/1/2023,12/8/2023,Geel,stokt 20,50,0,78,2023-12-02 15:58:38,1,Truck
926,1,12/1/2023,12/8/2023,Mol,Stationstraat 6,30,1,35,2023-12-04 07:12:26,1,Motorcycle
927,1,12/1/2023,12/8/2023,Mol,Stationstraat 6,30,1,32,2023-12-01 23:56:02,1,Car
928,2,12/1/2023,12/8/2023,Geel,stokt 20,50,0,26,2023-12-06 20:54:15,0,Car
929,2,12/1/2023,12/8/2023,Geel,stokt 20,50,0,47,2023-12-04 18:45:08,0,Bycicle
930,3,12/1/2023,12/8/2023,Meerhout,steenstraat 135,70,0,64,2023-12-06 14:41:44,0,Bus
931,3,12/1/2023,12/8/2023,Meerhout,steenstraat 135,70,0,62,2023-12-05 02:04:58,0,Motorcycle
932,2,12/1/2023,12/8/2023,Geel,stokt 20,50,0,67,2023-12-04 07:35:07,1,Bycicle
933,1,12/1/2023,12/8/2023,Mol,Stationstraat 6,30,1,44,2023-12-02 22:42:32,1,Bycicle
934,1,12/1/2023,12/8/2023,Mol,Stationstraat 6,30,1,56,2023-12-05 10:14:28,1,Motorcycle
935,3,12/1/2023,12/8/2023,Meerhout,steenstraat 135,70,0,62,2023-12-07 06:17:29,0,Motorcycle
936,3,12/1/2023,12/8/2023,Meerhout,steenstraat 135,70,0,41,2023-12-05 12:16:10,0,Bycicle
937,3,12/1/2023,12/8/2023,Meerhout,steenstraat 135,70,0,33,2023-12-03 11:52:30,0,Bycicle
938,3,12/1/2023,12/8/2023,Meerhout,steenstraat 135,70,0,48,2023-12-06 03:47:20,0,Truck
939,3,12/1/2023,12/8/2023,Meerhout,steenstraat 135,70,0,51,2023-12-02 08:52:33,0,Truck
940,1,12/1/2023,12/8/2023,Mol,Stationstraat 6,30,1,46,2023-12-02 16:09:16,1,Truck
941,2,12/1/2023,12/8/2023,Geel,stokt 20,50,0,61,2023-12-02 06:22:58,1,Motorcycle
942,2,12/1/2023,12/8/2023,Geel,stokt 20,50,0,43,2023-12-05 21:03:04,0,Car
943,3,12/1/2023,12/8/2023,Meerhout,steenstraat 135,70,0,41,2023-12-06 11:48:35,0,Motorcycle
944,2,12/1/2023,12/8/2023,Geel,stokt 20,50,0,32,2023-12-07 09:19:11,0,Motorcycle
945,3,12/1/2023,12/8/2023,Meerhout,steenstraat 135,70,0,51,2023-12-05 17:17:56,0,Bus
946,3,12/1/2023,12/8/2023,Meerhout,steenstraat 135,70,0,26,2023-12-07 18:15:40,0,Truck
947,2,12/1/2023,12/8/2023,Geel,stokt 20,50,0,70,2023-12-06 12:40:22,1,Motorcycle
948,2,12/1/2023,12/8/2023,Geel,stokt 20,50,0,74,2023-12-06 08:31:30,1,Bycicle
949,2,12/1/2023,12/8/2023,Geel,stokt 20,50,0,35,2023-12-07 04:02:02,0,Car
950,1,12/1/2023,12/8/2023,Mol,Stationstraat 6,30,1,71,2023-12-04 20:46:10,1,Bycicle
951,1,12/1/2023,12/8/2023,Mol,Stationstraat 6,30,1,67,2023-12-06 18:32:08,1,Car
952,2,12/1/2023,12/8/2023,Geel,stokt 20,50,0,30,2023-12-02 03:18:33,0,Motorcycle
953,2,12/1/2023,12/8/2023,Geel,stokt 20,50,0,30,2023-12-01 06:00:45,0,Motorcycle
954,2,12/1/2023,12/8/2023,Geel,stokt 20,50,0,75,2023-12-04 17:50:25,1,Bycicle
955,2,12/1/2023,12/8/2023,Geel,stokt 20,50,0,59,2023-12-05 10:07:28,1,Truck
956,1,12/1/2023,12/8/2023,Mol,Stationstraat 6,30,1,51,2023-12-07 05:08:15,1,Truck
957,1,12/1/2023,12/8/2023,Mol,Stationstraat 6,30,1,66,2023-12-03 06:33:06,1,Bus
958,1,12/1/2023,12/8/2023,Mol,Stationstraat 6,30,1,65,2023-12-05 17:59:23,1,Truck
959,3,12/1/2023,12/8/2023,Meerhout,steenstraat 135,70,0,74,2023-12-07 13:45:32,1,Car
960,3,12/1/2023,12/8/2023,Meerhout,steenstraat 135,70,0,56,2023-12-03 19:58:56,0,Truck
961,3,12/1/2023,12/8/2023,Meerhout,steenstraat 135,70,0,33,2023-12-04 21:37:07,0,Motorcycle
962,1,12/1/2023,12/8/2023,Mol,Stationstraat 6,30,1,36,2023-12-01 23:01:01,1,Bycicle
963,2,12/1/2023,12/8/2023,Geel,stokt 20,50,0,48,2023-12-07 17:19:56,0,Bycicle
964,3,12/1/2023,12/8/2023,Meerhout,steenstraat 135,70,0,49,2023-12-05 03:02:23,0,Bus
965,3,12/1/2023,12/8/2023,Meerhout,steenstraat 135,70,0,32,2023-12-04 00:03:30,0,Bus
966,3,12/1/2023,12/8/2023,Meerhout,steenstraat 135,70,0,50,2023-12-01 15:40:42,0,Car
967,3,12/1/2023,12/8/2023,Meerhout,steenstraat 135,70,0,68,2023-12-01 13:27:30,0,Truck
968,3,12/1/2023,12/8/2023,Meerhout,steenstraat 135,70,0,33,2023-12-06 17:23:44,0,Truck
969,1,12/1/2023,12/8/2023,Mol,Stationstraat 6,30,1,68,2023-12-04 14:02:26,1,Motorcycle
970,1,12/1/2023,12/8/2023,Mol,Stationstraat 6,30,1,59,2023-12-02 19:36:29,1,Car
971,3,12/1/2023,12/8/2023,Meerhout,steenstraat 135,70,0,39,2023-12-05 07:54:46,0,Car
972,3,12/1/2023,12/8/2023,Meerhout,steenstraat 135,70,0,50,2023-12-05 08:49:18,0,Car
973,1,12/1/2023,12/8/2023,Mol,Stationstraat 6,30,1,62,2023-12-06 16:50:55,1,Bycicle
974,3,12/1/2023,12/8/2023,Meerhout,steenstraat 135,70,0,41,2023-12-06 19:43:23,0,Car
975,1,12/1/2023,12/8/2023,Mol,Stationstraat 6,30,1,43,2023-12-01 11:32:30,1,Motorcycle
976,3,12/1/2023,12/8/2023,Meerhout,steenstraat 135,70,0,34,2023-12-03 17:09:55,0,Truck
977,1,12/1/2023,12/8/2023,Mol,Stationstraat 6,30,1,50,2023-12-06 11:34:09,1,Car
978,2,12/1/2023,12/8/2023,Geel,stokt 20,50,0,66,2023-12-06 05:52:25,1,Truck
979,2,12/1/2023,12/8/2023,Geel,stokt 20,50,0,63,2023-12-05 08:45:29,1,Bus
980,2,12/1/2023,12/8/2023,Geel,stokt 20,50,0,42,2023-12-03 14:00:55,0,Bycicle
981,3,12/1/2023,12/8/2023,Meerhout,steenstraat 135,70,0,32,2023-12-06 13:17:56,0,Bycicle
982,3,12/1/2023,12/8/2023,Meerhout,steenstraat 135,70,0,53,2023-12-06 10:52:03,0,Motorcycle
983,1,12/1/2023,12/8/2023,Mol,Stationstraat 6,30,1,69,2023-12-05 16:16:25,1,Motorcycle
984,3,12/1/2023,12/8/2023,Meerhout,steenstraat 135,70,0,47,2023-12-06 15:39:30,0,Motorcycle
985,3,12/1/2023,12/8/2023,Meerhout,steenstraat 135,70,0,54,2023-12-05 10:06:53,0,Bycicle
986,1,12/1/2023,12/8/2023,Mol,Stationstraat 6,30,1,73,2023-12-07 10:31:08,1,Car
987,3,12/1/2023,12/8/2023,Meerhout,steenstraat 135,70,0,52,2023-12-07 22:53:41,0,Motorcycle
988,2,12/1/2023,12/8/2023,Geel,stokt 20,50,0,55,2023-12-05 13:07:06,1,Bus
989,2,12/1/2023,12/8/2023,Geel,stokt 20,50,0,28,2023-12-07 23:03:29,0,Truck
990,1,12/1/2023,12/8/2023,Mol,Stationstraat 6,30,1,38,2023-12-07 14:28:53,1,Truck
991,2,12/1/2023,12/8/2023,Geel,stokt 20,50,0,42,2023-12-03 23:46:57,0,Bycicle
992,3,12/1/2023,12/8/2023,Meerhout,steenstraat 135,70,0,47,2023-12-02 04:02:31,0,Motorcycle
993,2,12/1/2023,12/8/2023,Geel,stokt 20,50,0,60,2023-12-03 11:30:08,1,Bycicle
994,1,12/1/2023,12/8/2023,Mol,Stationstraat 6,30,1,72,2023-12-03 08:43:10,1,Truck
995,1,12/1/2023,12/8/2023,Mol,Stationstraat 6,30,1,31,2023-12-05 07:53:52,1,Truck
996,2,12/1/2023,12/8/2023,Geel,stokt 20,50,0,29,2023-12-03 19:08:50,0,Bycicle
997,2,12/1/2023,12/8/2023,Geel,stokt 20,50,0,70,2023-12-03 12:55:00,1,Truck
998,1,12/1/2023,12/8/2023,Mol,Stationstraat 6,30,1,50,2023-12-07 21:01:48,1,Bus
999,1,12/1/2023,12/8/2023,Mol,Stationstraat 6,30,1,68,2023-12-07 14:52:19,1,Motorcycle
1000,3,12/1/2023,12/8/2023,Meerhout,steenstraat 135,70,0,52,2023-12-04 01:00:13,0,Bycicle
